0,1,2,3,4,5,6,7,8,9,10,11,12,13,14,15,16,17,18,19,20,21,22,23,24,25,26,27,28,29,30,31,32,33,34,35,36,37,38,39,40,41,42,43,44,45,46,47,48,49
0.0,0.0,1.0,3.0,3.0,3.0,1.0,3.0,1.0,1.0,0.0,1.0,1.0,4.0,1.0,0.0,0.0,0.0,0.0,0.0,0.0,0.0,1.0,0.0,0.0,5.0,4.0,3.0,4.0,2.0,4.0,4.0,3.0,0.0,2.0,3.0,3.0,2.0,1.0,0.0,1.0,0.0,1.0,1.0,0.0,0.0,0.0,0.0,0.0,0.0
0.0,0.0,6.0,11.0,6.0,7.0,3.0,8.0,3.0,5.0,1.0,5.0,7.0,7.0,1.0,0.0,1.0,6.0,3.0,1.0,2.0,1.0,2.0,2.0,0.0,13.0,11.0,4.0,6.0,8.0,11.0,10.0,14.0,3.0,10.0,6.0,18.0,9.0,6.0,0.0,3.0,2.0,1.0,1.0,0.0,0.0,0.0,0.0,0.0,0.0
0.0,0.0,10.0,19.0,8.0,10.0,3.0,12.0,2.0,7.0,1.0,11.0,10.0,12.0,1.0,1.0,0.0,9.0,4.0,2.0,4.0,2.0,1.0,2.0,0.0,17.0,17.0,5.0,10.0,11.0,15.0,16.0,20.0,2.0,3.0,9.0,21.0,17.0,0.0,0.0,4.0,3.0,3.0,1.0,0.0,1.0,0.0,0.0,0.0,0.0
0.0,0.0,18.0,28.0,14.0,11.0,6.0,17.0,3.0,9.0,1.0,19.0,6.0,19.0,5.0,1.0,0.0,13.0,2.0,4.0,5.0,4.0,2.0,0.0,0.0,27.0,21.0,8.0,12.0,15.0,20.0,8.0,30.0,6.0,4.0,14.0,37.0,10.0,3.0,1.0,1.0,6.0,7.0,2.0,0.0,3.0,0.0,0.0,0.0,0.0
0.0,1.0,26.0,9.0,20.0,3.0,9.0,8.0,3.0,12.0,2.0,26.0,8.0,23.0,7.0,2.0,0.0,14.0,3.0,7.0,6.0,0.0,3.0,2.0,0.0,33.0,12.0,14.0,15.0,3.0,5.0,16.0,42.0,11.0,12.0,17.0,46.0,16.0,8.0,1.0,2.0,6.0,1.0,4.0,0.0,4.0,0.0,0.0,0.0,0.0
0.0,1.0,9.0,14.0,29.0,5.0,13.0,13.0,5.0,0.0,3.0,2.0,14.0,32.0,12.0,3.0,2.0,14.0,6.0,8.0,6.0,0.0,3.0,0.0,0.0,38.0,15.0,17.0,16.0,7.0,10.0,22.0,51.0,13.0,3.0,9.0,55.0,29.0,12.0,0.0,3.0,7.0,3.0,5.0,0.0,6.0,0.0,0.0,0.0,0.0
0.0,1.0,16.0,16.0,7.0,9.0,17.0,19.0,7.0,2.0,3.0,9.0,23.0,9.0,14.0,4.0,3.0,19.0,9.0,5.0,8.0,2.0,0.0,0.0,0.0,50.0,25.0,21.0,20.0,13.0,17.0,31.0,17.0,15.0,7.0,14.0,72.0,35.0,4.0,0.0,3.0,1.0,5.0,5.0,0.0,6.0,0.0,0.0,0.0,0.0
2.0,1.0,23.0,9.0,14.0,10.0,5.0,27.0,3.0,2.0,0.0,11.0,29.0,21.0,17.0,7.0,6.0,23.0,11.0,6.0,10.0,3.0,1.0,0.0,0.0,63.0,28.0,7.0,26.0,15.0,3.0,10.0,24.0,16.0,14.0,20.0,86.0,41.0,13.0,0.0,1.0,1.0,5.0,6.0,0.0,1.0,0.0,0.0,0.0,0.0
2.0,0.0,29.0,18.0,21.0,14.0,8.0,36.0,4.0,3.0,1.0,16.0,10.0,27.0,7.0,11.0,9.0,25.0,7.0,7.0,0.0,4.0,4.0,0.0,0.0,26.0,36.0,10.0,33.0,16.0,5.0,19.0,38.0,8.0,21.0,8.0,23.0,50.0,14.0,0.0,2.0,4.0,7.0,9.0,0.0,1.0,0.0,0.0,0.0,0.0
3.0,0.0,37.0,27.0,27.0,5.0,10.0,6.0,7.0,3.0,2.0,22.0,19.0,38.0,13.0,13.0,2.0,27.0,9.0,7.0,0.0,4.0,4.0,0.0,0.0,32.0,42.0,16.0,38.0,21.0,9.0,7.0,7.0,9.0,28.0,15.0,41.0,59.0,17.0,0.0,4.0,6.0,0.0,9.0,0.0,1.0,0.0,0.0,0.0,0.0
0.0,0.0,47.0,36.0,8.0,13.0,14.0,11.0,10.0,0.0,6.0,3.0,28.0,43.0,17.0,14.0,2.0,29.0,9.0,7.0,0.0,5.0,4.0,0.0,0.0,41.0,46.0,23.0,18.0,22.0,11.0,20.0,19.0,12.0,39.0,24.0,15.0,13.0,20.0,0.0,6.0,2.0,3.0,10.0,0.0,1.0,0.0,0.0,0.0,0.0
0.0,1.0,9.0,41.0,18.0,16.0,16.0,16.0,14.0,5.0,6.0,11.0,34.0,11.0,21.0,4.0,2.0,12.0,9.0,5.0,1.0,2.0,4.0,1.0,0.0,12.0,50.0,26.0,21.0,25.0,16.0,28.0,32.0,13.0,9.0,30.0,30.0,30.0,22.0,1.0,5.0,2.0,4.0,10.0,0.0,0.0,0.0,1.0,0.0,0.0
0.0,1.0,14.0,52.0,28.0,20.0,3.0,25.0,6.0,7.0,0.0,16.0,43.0,17.0,23.0,4.0,4.0,17.0,11.0,10.0,2.0,4.0,4.0,3.0,0.0,19.0,54.0,27.0,27.0,28.0,24.0,34.0,7.0,2.0,14.0,33.0,43.0,45.0,24.0,3.0,7.0,5.0,9.0,2.0,1.0,0.0,0.0,0.0,0.0,0.0
0.0,0.0,29.0,63.0,40.0,5.0,5.0,36.0,9.0,8.0,1.0,21.0,6.0,24.0,4.0,10.0,9.0,20.0,12.0,13.0,2.0,5.0,4.0,3.0,0.0,27.0,7.0,33.0,32.0,12.0,32.0,38.0,17.0,9.0,21.0,38.0,52.0,54.0,4.0,4.0,8.0,6.0,2.0,2.0,1.0,0.0,1.0,0.0,0.0,0.0
0.0,0.0,42.0,11.0,45.0,12.0,9.0,12.0,12.0,11.0,1.0,30.0,15.0,36.0,9.0,13.0,0.0,27.0,17.0,13.0,3.0,6.0,4.0,3.0,0.0,19.0,12.0,34.0,10.0,21.0,44.0,48.0,28.0,11.0,26.0,7.0,72.0,72.0,6.0,5.0,9.0,4.0,5.0,4.0,1.0,2.0,2.0,0.0,0.0,0.0
0.0,0.0,50.0,19.0,60.0,14.0,7.0,18.0,16.0,3.0,2.0,4.0,22.0,39.0,12.0,15.0,1.0,35.0,23.0,14.0,5.0,7.0,4.0,0.0,0.0,36.0,15.0,39.0,22.0,24.0,49.0,58.0,35.0,4.0,14.0,14.0,88.0,83.0,9.0,5.0,9.0,5.0,5.0,0.0,2.0,2.0,2.0,1.0,0.0,0.0
0.0,1.0,11.0,45.0,9.0,20.0,7.0,29.0,23.0,4.0,2.0,10.0,28.0,6.0,15.0,11.0,3.0,3.0,27.0,7.0,5.0,9.0,6.0,1.0,0.0,50.0,20.0,9.0,29.0,12.0,60.0,65.0,43.0,5.0,19.0,21.0,17.0,92.0,11.0,5.0,11.0,8.0,9.0,0.0,5.0,3.0,2.0,0.0,0.0,0.0
0.0,1.0,16.0,57.0,16.0,24.0,10.0,35.0,6.0,5.0,0.0,17.0,36.0,20.0,17.0,12.0,6.0,10.0,33.0,8.0,6.0,9.0,7.0,3.0,0.0,59.0,12.0,18.0,36.0,15.0,62.0,20.0,51.0,9.0,4.0,25.0,38.0,106.0,14.0,0.0,0.0,12.0,13.0,1.0,5.0,0.0,3.0,0.0,0.0,0.0
0.0,1.0,27.0,65.0,30.0,28.0,12.0,12.0,12.0,7.0,0.0,22.0,11.0,33.0,3.0,18.0,6.0,18.0,34.0,9.0,5.0,9.0,7.0,0.0,0.0,69.0,22.0,23.0,39.0,19.0,67.0,27.0,57.0,16.0,9.0,33.0,58.0,115.0,19.0,0.0,3.0,13.0,15.0,1.0,1.0,0.0,4.0,0.0,0.0,0.0
0.0,2.0,34.0,12.0,34.0,5.0,14.0,20.0,15.0,9.0,1.0,26.0,17.0,41.0,10.0,19.0,3.0,24.0,5.0,12.0,5.0,9.0,8.0,0.0,0.0,75.0,28.0,29.0,9.0,21.0,16.0,37.0,24.0,21.0,14.0,43.0,19.0,20.0,24.0,0.0,4.0,15.0,18.0,2.0,2.0,0.0,4.0,0.0,0.0,0.0
0.0,2.0,13.0,24.0,43.0,8.0,17.0,28.0,19.0,2.0,1.0,5.0,24.0,53.0,15.0,22.0,6.0,26.0,7.0,13.0,5.0,12.0,8.0,0.0,0.0,93.0,36.0,12.0,13.0,24.0,27.0,47.0,33.0,26.0,24.0,9.0,35.0,30.0,29.0,1.0,0.0,3.0,19.0,4.0,2.0,1.0,2.0,0.0,0.0,0.0
0.0,2.0,22.0,28.0,57.0,12.0,20.0,40.0,11.0,6.0,2.0,10.0,35.0,5.0,23.0,3.0,6.0,14.0,10.0,16.0,7.0,14.0,9.0,1.0,0.0,24.0,44.0,18.0,14.0,9.0,31.0,55.0,50.0,28.0,30.0,15.0,40.0,42.0,31.0,1.0,2.0,5.0,23.0,6.0,0.0,1.0,2.0,1.0,0.0,0.0
0.0,2.0,31.0,11.0,70.0,20.0,5.0,53.0,13.0,9.0,2.0,13.0,42.0,15.0,32.0,6.0,7.0,17.0,13.0,3.0,7.0,14.0,2.0,1.0,0.0,34.0,48.0,24.0,10.0,15.0,40.0,19.0,59.0,40.0,37.0,24.0,62.0,9.0,10.0,1.0,2.0,8.0,26.0,7.0,0.0,2.0,2.0,1.0,0.0,0.0
0.0,1.0,48.0,19.0,77.0,3.0,14.0,66.0,17.0,14.0,2.0,19.0,18.0,22.0,5.0,11.0,7.0,22.0,21.0,4.0,11.0,15.0,2.0,3.0,0.0,10.0,16.0,31.0,12.0,18.0,50.0,30.0,70.0,45.0,46.0,32.0,16.0,24.0,15.0,1.0,3.0,1.0,7.0,7.0,1.0,1.0,0.0,2.0,0.0,0.0
1.0,1.0,61.0,30.0,88.0,9.0,16.0,11.0,20.0,6.0,3.0,27.0,31.0,33.0,13.0,14.0,2.0,27.0,9.0,5.0,0.0,15.0,3.0,3.0,0.0,21.0,22.0,40.0,19.0,21.0,12.0,38.0,24.0,48.0,16.0,38.0,31.0,35.0,5.0,1.0,3.0,3.0,10.0,9.0,2.0,5.0,0.0,3.0,0.0,0.0
1.0,1.0,73.0,40.0,6.0,16.0,0.0,19.0,22.0,7.0,3.0,3.0,40.0,44.0,17.0,20.0,4.0,32.0,11.0,7.0,1.0,18.0,6.0,3.0,0.0,34.0,31.0,47.0,27.0,14.0,17.0,53.0,41.0,50.0,23.0,51.0,52.0,51.0,10.0,1.0,5.0,4.0,6.0,3.0,3.0,5.0,0.0,3.0,0.0,0.0
1.0,1.0,12.0,50.0,14.0,18.0,4.0,30.0,32.0,8.0,0.0,5.0,53.0,11.0,25.0,4.0,5.0,2.0,15.0,9.0,2.0,19.0,7.0,4.0,0.0,49.0,6.0,13.0,31.0,17.0,24.0,62.0,57.0,54.0,32.0,21.0,64.0,9.0,13.0,1.0,7.0,5.0,10.0,3.0,6.0,5.0,1.0,0.0,0.0,0.0
1.0,0.0,19.0,63.0,26.0,21.0,9.0,38.0,6.0,10.0,0.0,14.0,63.0,22.0,28.0,8.0,7.0,5.0,18.0,6.0,4.0,0.0,7.0,4.0,0.0,55.0,15.0,21.0,37.0,21.0,31.0,16.0,71.0,18.0,40.0,31.0,82.0,20.0,20.0,1.0,7.0,7.0,15.0,3.0,8.0,5.0,1.0,0.0,0.0,0.0
1.0,1.0,35.0,80.0,41.0,0.0,12.0,7.0,8.0,15.0,3.0,22.0,12.0,37.0,5.0,11.0,10.0,8.0,22.0,9.0,6.0,0.0,7.0,4.0,0.0,68.0,20.0,32.0,44.0,24.0,15.0,27.0,83.0,22.0,46.0,40.0,101.0,32.0,6.0,1.0,8.0,3.0,18.0,3.0,2.0,5.0,1.0,0.0,0.0,0.0
1.0,1.0,49.0,16.0,49.0,9.0,17.0,16.0,13.0,17.0,3.0,9.0,25.0,46.0,10.0,14.0,1.0,10.0,2.0,13.0,7.0,1.0,8.0,4.0,0.0,21.0,32.0,13.0,14.0,30.0,20.0,39.0,26.0,28.0,55.0,48.0,38.0,48.0,8.0,2.0,8.0,6.0,22.0,3.0,2.0,7.0,2.0,0.0,0.0,0.0
0.0,2.0,12.0,33.0,55.0,19.0,6.0,26.0,19.0,4.0,3.0,17.0,38.0,58.0,15.0,18.0,1.0,19.0,9.0,15.0,7.0,2.0,0.0,4.0,0.0,34.0,40.0,21.0,19.0,36.0,34.0,45.0,37.0,34.0,11.0,57.0,51.0,65.0,14.0,2.0,2.0,9.0,4.0,3.0,2.0,8.0,2.0,0.0,0.0,0.0
0.0,3.0,25.0,45.0,11.0,23.0,12.0,34.0,4.0,6.0,4.0,25.0,49.0,10.0,19.0,7.0,1.0,8.0,12.0,16.0,10.0,1.0,0.0,4.0,0.0,59.0,46.0,26.0,8.0,9.0,39.0,15.0,51.0,38.0,27.0,74.0,68.0,78.0,20.0,0.0,4.0,13.0,10.0,4.0,0.0,9.0,3.0,0.0,0.0,0.0
0.0,6.0,35.0,16.0,21.0,26.0,16.0,48.0,5.0,11.0,1.0,33.0,15.0,20.0,27.0,11.0,2.0,13.0,18.0,3.0,10.0,3.0,0.0,4.0,0.0,72.0,8.0,33.0,11.0,18.0,45.0,27.0,68.0,12.0,36.0,78.0,81.0,27.0,28.0,0.0,4.0,15.0,13.0,6.0,2.0,13.0,1.0,0.0,0.0,0.0
0.0,6.0,46.0,35.0,36.0,30.0,18.0,6.0,7.0,15.0,2.0,40.0,26.0,33.0,11.0,16.0,3.0,21.0,21.0,6.0,12.0,4.0,2.0,1.0,0.0,84.0,20.0,39.0,21.0,21.0,62.0,37.0,40.0,19.0,44.0,16.0,96.0,37.0,35.0,1.0,6.0,1.0,16.0,2.0,5.0,3.0,2.0,1.0,0.0,0.0
1.0,7.0,57.0,54.0,55.0,9.0,23.0,16.0,11.0,5.0,3.0,47.0,41.0,21.0,17.0,21.0,2.0,28.0,0.0,6.0,3.0,6.0,1.0,1.0,0.0,95.0,21.0,48.0,29.0,12.0,75.0,47.0,60.0,25.0,54.0,28.0,119.0,57.0,7.0,2.0,1.0,2.0,18.0,2.0,6.0,4.0,4.0,1.0,0.0,0.0
1.0,7.0,12.0,76.0,3.0,13.0,24.0,25.0,15.0,6.0,4.0,5.0,56.0,31.0,24.0,27.0,6.0,33.0,4.0,7.0,7.0,8.0,2.0,1.0,0.0,114.0,26.0,10.0,36.0,21.0,85.0,55.0,78.0,33.0,17.0,38.0,42.0,74.0,13.0,3.0,3.0,4.0,2.0,5.0,6.0,5.0,6.0,1.0,0.0,0.0
1.0,8.0,28.0,86.0,14.0,18.0,29.0,31.0,7.0,11.0,1.0,15.0,68.0,40.0,29.0,1.0,7.0,6.0,7.0,9.0,11.0,8.0,5.0,1.0,0.0,134.0,28.0,18.0,40.0,29.0,96.0,13.0,96.0,18.0,29.0,51.0,58.0,81.0,19.0,3.0,5.0,1.0,4.0,7.0,1.0,8.0,0.0,2.0,0.0,0.0
1.0,0.0,37.0,15.0,22.0,29.0,4.0,40.0,10.0,12.0,1.0,21.0,77.0,56.0,10.0,2.0,10.0,13.0,12.0,5.0,14.0,0.0,6.0,2.0,0.0,151.0,31.0,26.0,9.0,36.0,12.0,27.0,114.0,23.0,36.0,58.0,74.0,91.0,25.0,4.0,9.0,8.0,10.0,10.0,1.0,10.0,0.0,2.0,0.0,0.0
1.0,1.0,51.0,29.0,31.0,7.0,6.0,53.0,16.0,18.0,1.0,27.0,15.0,77.0,18.0,7.0,13.0,18.0,17.0,8.0,14.0,2.0,6.0,2.0,0.0,34.0,37.0,36.0,15.0,43.0,22.0,37.0,27.0,30.0,44.0,21.0,97.0,106.0,30.0,4.0,10.0,12.0,15.0,0.0,4.0,2.0,1.0,3.0,0.0,0.0
2.0,2.0,64.0,42.0,41.0,17.0,12.0,11.0,20.0,2.0,2.0,7.0,25.0,86.0,23.0,12.0,13.0,22.0,1.0,9.0,1.0,5.0,7.0,2.0,0.0,51.0,44.0,46.0,22.0,50.0,31.0,9.0,45.0,34.0,26.0,28.0,119.0,122.0,12.0,4.0,12.0,13.0,2.0,0.0,4.0,4.0,3.0,0.0,0.0,0.0
2.0,0.0,14.0,57.0,8.0,23.0,6.0,27.0,23.0,6.0,3.0,20.0,38.0,102.0,29.0,7.0,14.0,6.0,3.0,15.0,3.0,6.0,0.0,3.0,0.0,67.0,57.0,54.0,28.0,13.0,45.0,18.0,61.0,36.0,33.0,44.0,136.0,143.0,24.0,5.0,14.0,3.0,8.0,0.0,4.0,5.0,4.0,0.0,0.0,0.0
3.0,2.0,28.0,81.0,17.0,34.0,8.0,41.0,30.0,12.0,0.0,28.0,52.0,18.0,34.0,14.0,16.0,11.0,6.0,18.0,4.0,7.0,1.0,3.0,0.0,83.0,15.0,58.0,34.0,24.0,60.0,33.0,80.0,4.0,39.0,26.0,164.0,155.0,29.0,6.0,15.0,5.0,15.0,2.0,1.0,6.0,1.0,0.0,0.0,0.0
3.0,3.0,19.0,9.0,29.0,39.0,13.0,50.0,3.0,18.0,0.0,34.0,14.0,40.0,38.0,15.0,11.0,16.0,12.0,2.0,7.0,0.0,1.0,5.0,0.0,22.0,19.0,66.0,42.0,34.0,76.0,49.0,16.0,6.0,51.0,44.0,193.0,27.0,37.0,1.0,16.0,6.0,19.0,0.0,1.0,7.0,2.0,1.0,0.0,0.0
0.0,3.0,29.0,23.0,44.0,10.0,16.0,9.0,6.0,21.0,0.0,40.0,29.0,56.0,9.0,20.0,13.0,25.0,3.0,3.0,8.0,1.0,2.0,0.0,0.0,38.0,29.0,8.0,53.0,41.0,26.0,63.0,32.0,15.0,57.0,51.0,210.0,48.0,44.0,1.0,16.0,7.0,7.0,3.0,2.0,1.0,3.0,1.0,0.0,0.0
0.0,5.0,42.0,37.0,61.0,16.0,21.0,21.0,10.0,21.0,0.0,6.0,44.0,7.0,20.0,27.0,18.0,32.0,7.0,6.0,6.0,3.0,3.0,2.0,0.0,50.0,15.0,14.0,64.0,50.0,40.0,78.0,44.0,18.0,64.0,63.0,107.0,68.0,9.0,1.0,17.0,9.0,12.0,5.0,2.0,3.0,5.0,2.0,0.0,0.0
0.0,6.0,53.0,16.0,10.0,25.0,6.0,35.0,16.0,7.0,0.0,17.0,53.0,25.0,26.0,34.0,20.0,22.0,10.0,8.0,9.0,5.0,0.0,2.0,0.0,72.0,25.0,26.0,70.0,54.0,54.0,94.0,64.0,24.0,77.0,23.0,132.0,86.0,18.0,2.0,8.0,9.0,19.0,8.0,3.0,5.0,5.0,2.0,0.0,0.0
0.0,0.0,68.0,36.0,14.0,35.0,7.0,52.0,7.0,10.0,1.0,28.0,67.0,38.0,31.0,8.0,23.0,24.0,13.0,5.0,11.0,7.0,1.0,2.0,0.0,98.0,36.0,32.0,18.0,64.0,68.0,16.0,82.0,30.0,23.0,35.0,158.0,107.0,23.0,4.0,9.0,14.0,23.0,2.0,4.0,5.0,3.0,4.0,0.0,0.0
0.0,0.0,84.0,53.0,25.0,42.0,9.0,77.0,12.0,12.0,0.0,37.0,10.0,53.0,5.0,13.0,23.0,29.0,14.0,7.0,14.0,1.0,1.0,3.0,0.0,117.0,46.0,14.0,26.0,74.0,75.0,37.0,110.0,33.0,38.0,45.0,182.0,54.0,30.0,4.0,10.0,18.0,26.0,3.0,5.0,2.0,5.0,5.0,0.0,0.0
0.0,2.0,19.0,71.0,13.0,8.0,16.0,13.0,16.0,16.0,2.0,48.0,23.0,72.0,15.0,14.0,26.0,39.0,16.0,13.0,1.0,2.0,2.0,0.0,0.0,138.0,60.0,20.0,42.0,88.0,94.0,52.0,26.0,36.0,44.0,59.0,52.0,72.0,36.0,5.0,12.0,3.0,27.0,5.0,4.0,4.0,6.0,6.0,0.0,0.0
1.0,3.0,35.0,87.0,27.0,10.0,22.0,27.0,23.0,1.0,4.0,51.0,40.0,19.0,19.0,20.0,4.0,46.0,20.0,7.0,3.0,5.0,5.0,1.0,0.0,154.0,15.0,32.0,49.0,100.0,106.0,69.0,40.0,43.0,52.0,25.0,79.0,88.0,47.0,5.0,3.0,6.0,28.0,7.0,5.0,4.0,7.0,3.0,0.0,0.0
1.0,3.0,58.0,106.0,41.0,13.0,4.0,40.0,28.0,8.0,4.0,10.0,54.0,36.0,27.0,11.0,9.0,51.0,25.0,10.0,5.0,7.0,2.0,1.0,0.0,182.0,24.0,41.0,8.0,108.0,24.0,77.0,55.0,50.0,59.0,34.0,112.0,106.0,57.0,5.0,7.0,11.0,32.0,9.0,5.0,6.0,1.0,3.0,0.0,0.0
1.0,6.0,71.0,21.0,54.0,21.0,7.0,60.0,4.0,11.0,3.0,18.0,71.0,57.0,31.0,18.0,11.0,57.0,31.0,12.0,7.0,3.0,3.0,1.0,0.0,204.0,36.0,51.0,15.0,119.0,41.0,92.0,70.0,13.0,70.0,46.0,134.0,32.0,64.0,5.0,11.0,7.0,37.0,10.0,7.0,4.0,3.0,4.0,0.0,0.0
1.0,8.0,32.0,40.0,66.0,27.0,11.0,73.0,12.0,14.0,3.0,30.0,85.0,70.0,7.0,23.0,6.0,62.0,35.0,15.0,5.0,3.0,4.0,1.0,0.0,222.0,50.0,11.0,29.0,127.0,56.0,109.0,85.0,21.0,79.0,59.0,36.0,48.0,69.0,6.0,6.0,8.0,47.0,8.0,11.0,4.0,5.0,5.0,0.0,0.0
1.0,9.0,49.0,65.0,76.0,33.0,3.0,22.0,18.0,19.0,3.0,39.0,18.0,85.0,13.0,26.0,11.0,70.0,4.0,15.0,7.0,3.0,4.0,1.0,0.0,246.0,60.0,21.0,38.0,35.0,75.0,29.0,101.0,26.0,94.0,78.0,62.0,70.0,12.0,7.0,9.0,10.0,53.0,9.0,13.0,5.0,7.0,0.0,0.0,0.0
1.0,9.0,66.0,82.0,18.0,42.0,10.0,28.0,21.0,9.0,3.0,12.0,31.0,98.0,24.0,32.0,12.0,78.0,10.0,19.0,9.0,5.0,1.0,1.0,0.0,278.0,17.0,36.0,48.0,45.0,88.0,48.0,121.0,34.0,26.0,92.0,91.0,23.0,21.0,8.0,10.0,13.0,12.0,10.0,4.0,5.0,8.0,0.0,0.0,0.0
2.0,3.0,91.0,31.0,33.0,48.0,13.0,42.0,26.0,13.0,3.0,19.0,47.0,114.0,35.0,2.0,13.0,9.0,12.0,22.0,12.0,4.0,2.0,1.0,0.0,302.0,25.0,52.0,9.0,63.0,21.0,62.0,141.0,43.0,36.0,102.0,117.0,46.0,27.0,10.0,13.0,8.0,17.0,11.0,6.0,9.0,10.0,0.0,0.0,0.0
3.0,3.0,110.0,53.0,46.0,61.0,15.0,13.0,8.0,18.0,2.0,33.0,59.0,19.0,46.0,4.0,17.0,21.0,16.0,2.0,16.0,4.0,3.0,0.0,0.0,324.0,29.0,59.0,19.0,74.0,37.0,86.0,45.0,51.0,44.0,38.0,154.0,64.0,36.0,11.0,14.0,13.0,22.0,12.0,10.0,9.0,12.0,0.0,0.0,0.0
1.0,4.0,23.0,71.0,63.0,12.0,20.0,32.0,16.0,23.0,4.0,45.0,9.0,40.0,51.0,8.0,3.0,25.0,23.0,5.0,19.0,4.0,3.0,1.0,0.0,343.0,42.0,12.0,26.0,86.0,50.0,102.0,63.0,60.0,56.0,55.0,182.0,81.0,13.0,13.0,2.0,16.0,25.0,2.0,10.0,4.0,12.0,0.0,0.0,0.0
4.0,5.0,41.0,97.0,35.0,23.0,22.0,48.0,10.0,29.0,5.0,53.0,17.0,61.0,4.0,18.0,4.0,34.0,3.0,7.0,2.0,7.0,4.0,2.0,0.0,91.0,57.0,19.0,39.0,20.0,57.0,51.0,83.0,66.0,69.0,69.0,209.0,102.0,25.0,14.0,5.0,17.0,11.0,6.0,12.0,9.0,13.0,0.0,0.0,0.0
4.0,6.0,55.0,118.0,46.0,29.0,7.0,67.0,15.0,4.0,7.0,8.0,30.0,21.0,11.0,22.0,5.0,38.0,9.0,10.0,3.0,8.0,6.0,2.0,0.0,105.0,76.0,31.0,47.0,28.0,76.0,73.0,111.0,74.0,81.0,79.0,59.0,128.0,33.0,14.0,9.0,19.0,13.0,8.0,1.0,10.0,14.0,1.0,0.0,0.0
4.0,2.0,69.0,23.0,67.0,12.0,12.0,83.0,24.0,7.0,8.0,13.0,47.0,35.0,16.0,27.0,9.0,8.0,17.0,12.0,5.0,9.0,6.0,3.0,0.0,132.0,89.0,35.0,20.0,42.0,11.0,99.0,128.0,84.0,23.0,95.0,81.0,147.0,43.0,2.0,10.0,8.0,16.0,10.0,3.0,10.0,9.0,2.0,0.0,0.0
0.0,7.0,83.0,41.0,85.0,22.0,20.0,104.0,32.0,9.0,1.0,20.0,58.0,47.0,22.0,3.0,11.0,16.0,21.0,2.0,7.0,1.0,6.0,5.0,0.0,156.0,105.0,41.0,32.0,62.0,28.0,117.0,46.0,92.0,37.0,111.0,109.0,166.0,53.0,3.0,12.0,11.0,21.0,10.0,3.0,12.0,9.0,3.0,0.0,0.0
0.0,7.0,25.0,64.0,110.0,31.0,27.0,26.0,41.0,14.0,4.0,31.0,25.0,67.0,13.0,8.0,13.0,25.0,32.0,5.0,9.0,4.0,7.0,6.0,0.0,179.0,120.0,49.0,43.0,73.0,45.0,140.0,68.0,98.0,48.0,124.0,142.0,42.0,59.0,4.0,5.0,15.0,26.0,11.0,1.0,15.0,10.0,3.0,0.0,0.0
1.0,0.0,42.0,81.0,18.0,40.0,6.0,43.0,50.0,20.0,5.0,44.0,46.0,84.0,19.0,14.0,17.0,33.0,7.0,12.0,5.0,7.0,9.0,8.0,0.0,206.0,18.0,60.0,55.0,27.0,58.0,36.0,96.0,103.0,64.0,25.0,176.0,59.0,72.0,5.0,7.0,15.0,3.0,13.0,4.0,15.0,11.0,3.0,0.0,0.0
1.0,0.0,61.0,103.0,34.0,53.0,14.0,57.0,54.0,25.0,2.0,7.0,65.0,16.0,28.0,17.0,4.0,43.0,11.0,19.0,8.0,7.0,1.0,8.0,0.0,58.0,28.0,69.0,68.0,38.0,74.0,53.0,123.0,112.0,80.0,42.0,200.0,74.0,24.0,5.0,11.0,18.0,12.0,13.0,9.0,17.0,4.0,3.0,0.0,0.0
2.0,1.0,82.0,33.0,46.0,8.0,20.0,75.0,6.0,28.0,2.0,16.0,89.0,36.0,35.0,7.0,9.0,50.0,15.0,27.0,12.0,8.0,1.0,10.0,0.0,82.0,36.0,87.0,75.0,21.0,28.0,80.0,137.0,121.0,34.0,61.0,49.0,93.0,37.0,6.0,19.0,8.0,20.0,14.0,9.0,5.0,6.0,3.0,0.0,0.0
2.0,1.0,104.0,52.0,66.0,19.0,25.0,95.0,16.0,32.0,2.0,26.0,103.0,57.0,44.0,12.0,13.0,9.0,22.0,5.0,15.0,1.0,1.0,1.0,0.0,115.0,50.0,13.0,84.0,36.0,45.0,94.0,164.0,128.0,42.0,74.0,84.0,120.0,44.0,7.0,22.0,13.0,30.0,17.0,10.0,7.0,7.0,1.0,0.0,0.0
2.0,3.0,124.0,71.0,79.0,27.0,30.0,115.0,10.0,8.0,2.0,17.0,23.0,79.0,5.0,20.0,7.0,12.0,25.0,7.0,16.0,3.0,2.0,2.0,0.0,139.0,61.0,24.0,93.0,49.0,60.0,112.0,182.0,15.0,50.0,91.0,119.0,132.0,54.0,5.0,24.0,14.0,34.0,19.0,2.0,9.0,8.0,1.0,0.0,0.0
2.0,3.0,145.0,18.0,22.0,36.0,7.0,135.0,21.0,12.0,2.0,26.0,39.0,101.0,12.0,22.0,12.0,25.0,31.0,13.0,3.0,4.0,4.0,2.0,0.0,158.0,80.0,41.0,104.0,64.0,22.0,27.0,198.0,24.0,63.0,40.0,151.0,80.0,59.0,6.0,27.0,17.0,18.0,20.0,2.0,13.0,9.0,4.0,0.0,0.0
0.0,3.0,54.0,36.0,33.0,44.0,16.0,148.0,29.0,17.0,2.0,31.0,31.0,18.0,16.0,30.0,16.0,31.0,7.0,23.0,3.0,7.0,2.0,2.0,0.0,180.0,97.0,48.0,118.0,80.0,32.0,47.0,219.0,31.0,80.0,53.0,197.0,103.0,65.0,8.0,31.0,23.0,25.0,23.0,2.0,15.0,9.0,0.0,0.0,0.0
0.0,4.0,70.0,56.0,11.0,16.0,24.0,172.0,35.0,7.0,2.0,46.0,45.0,32.0,24.0,8.0,20.0,12.0,9.0,25.0,7.0,8.0,5.0,3.0,0.0,204.0,106.0,58.0,10.0,14.0,49.0,71.0,250.0,36.0,18.0,74.0,75.0,121.0,77.0,9.0,7.0,26.0,33.0,23.0,2.0,0.0,9.0,0.0,0.0,0.0
0.0,5.0,86.0,29.0,25.0,24.0,27.0,26.0,43.0,10.0,5.0,52.0,56.0,61.0,34.0,18.0,21.0,26.0,11.0,28.0,8.0,2.0,7.0,0.0,0.0,233.0,114.0,70.0,17.0,23.0,61.0,34.0,50.0,42.0,28.0,87.0,107.0,148.0,19.0,10.0,8.0,32.0,43.0,5.0,2.0,1.0,11.0,0.0,0.0,0.0
1.0,1.0,108.0,53.0,41.0,36.0,32.0,46.0,52.0,12.0,5.0,11.0,81.0,81.0,12.0,22.0,24.0,40.0,20.0,5.0,10.0,4.0,7.0,1.0,0.0,85.0,127.0,85.0,26.0,36.0,75.0,53.0,71.0,49.0,47.0,112.0,139.0,175.0,29.0,12.0,10.0,34.0,53.0,6.0,3.0,2.0,1.0,0.0,0.0,0.0
1.0,1.0,134.0,80.0,54.0,12.0,13.0,65.0,7.0,18.0,7.0,25.0,98.0,101.0,1.0,28.0,25.0,45.0,15.0,12.0,11.0,4.0,7.0,2.0,0.0,110.0,140.0,93.0,37.0,9.0,22.0,79.0,40.0,54.0,67.0,27.0,173.0,55.0,43.0,13.0,14.0,15.0,62.0,7.0,5.0,3.0,3.0,1.0,0.0,0.0
0.0,3.0,151.0,108.0,25.0,21.0,16.0,78.0,20.0,24.0,10.0,7.0,31.0,118.0,12.0,32.0,27.0,10.0,22.0,18.0,3.0,4.0,0.0,2.0,0.0,140.0,151.0,101.0,49.0,24.0,43.0,101.0,61.0,63.0,78.0,48.0,212.0,78.0,57.0,13.0,18.0,18.0,68.0,7.0,7.0,4.0,5.0,2.0,0.0,0.0
0.0,4.0,58.0,140.0,38.0,32.0,20.0,109.0,34.0,28.0,12.0,18.0,49.0,137.0,20.0,8.0,31.0,17.0,28.0,20.0,4.0,4.0,2.0,2.0,0.0,169.0,160.0,116.0,62.0,38.0,21.0,120.0,91.0,75.0,96.0,64.0,55.0,91.0,68.0,14.0,5.0,21.0,28.0,8.0,10.0,4.0,8.0,2.0,0.0,0.0
2.0,5.0,69.0,162.0,58.0,43.0,8.0,28.0,41.0,5.0,14.0,27.0,74.0,155.0,32.0,8.0,34.0,23.0,30.0,11.0,6.0,7.0,3.0,2.0,0.0,196.0,173.0,133.0,72.0,52.0,38.0,32.0,116.0,27.0,102.0,18.0,87.0,104.0,39.0,16.0,7.0,25.0,39.0,12.0,14.0,2.0,8.0,2.0,0.0,0.0
0.0,4.0,93.0,187.0,74.0,16.0,13.0,46.0,47.0,10.0,15.0,38.0,26.0,31.0,43.0,15.0,3.0,31.0,8.0,15.0,9.0,0.0,7.0,4.0,0.0,81.0,184.0,143.0,90.0,64.0,54.0,55.0,141.0,39.0,113.0,36.0,113.0,136.0,48.0,17.0,7.0,28.0,48.0,13.0,15.0,5.0,9.0,2.0,0.0,0.0
1.0,6.0,110.0,73.0,94.0,23.0,20.0,18.0,19.0,18.0,17.0,49.0,44.0,57.0,52.0,24.0,3.0,44.0,17.0,18.0,10.0,0.0,10.0,4.0,0.0,112.0,192.0,155.0,104.0,78.0,77.0,19.0,26.0,50.0,130.0,57.0,145.0,40.0,59.0,18.0,9.0,31.0,54.0,13.0,17.0,7.0,11.0,2.0,0.0,0.0
2.0,7.0,136.0,100.0,110.0,32.0,16.0,34.0,27.0,23.0,4.0,58.0,57.0,85.0,61.0,31.0,1.0,53.0,19.0,4.0,11.0,1.0,12.0,4.0,0.0,136.0,207.0,162.0,111.0,91.0,103.0,43.0,52.0,57.0,37.0,71.0,54.0,59.0,65.0,18.0,13.0,35.0,3.0,14.0,5.0,8.0,11.0,3.0,0.0,0.0
2.0,1.0,66.0,123.0,58.0,45.0,19.0,48.0,37.0,28.0,6.0,69.0,79.0,33.0,12.0,37.0,2.0,3.0,23.0,5.0,15.0,1.0,1.0,4.0,0.0,161.0,230.0,171.0,125.0,101.0,22.0,74.0,82.0,63.0,54.0,87.0,83.0,83.0,79.0,18.0,10.0,37.0,10.0,16.0,8.0,13.0,11.0,1.0,0.0,0.0
2.0,2.0,83.0,150.0,81.0,55.0,23.0,64.0,19.0,11.0,7.0,91.0,100.0,60.0,18.0,44.0,5.0,16.0,34.0,10.0,22.0,2.0,7.0,5.0,0.0,193.0,242.0,184.0,137.0,114.0,43.0,94.0,25.0,72.0,71.0,38.0,125.0,108.0,24.0,18.0,13.0,40.0,18.0,19.0,12.0,13.0,13.0,2.0,0.0,0.0
2.0,5.0,29.0,170.0,93.0,62.0,34.0,42.0,25.0,14.0,8.0,14.0,119.0,75.0,10.0,6.0,11.0,26.0,36.0,12.0,4.0,4.0,3.0,6.0,0.0,216.0,255.0,202.0,25.0,128.0,66.0,109.0,45.0,84.0,13.0,60.0,155.0,30.0,35.0,19.0,15.0,47.0,27.0,1.0,14.0,10.0,13.0,4.0,0.0,0.0
0.0,6.0,50.0,77.0,121.0,73.0,41.0,61.0,35.0,19.0,12.0,25.0,138.0,102.0,16.0,14.0,16.0,37.0,10.0,16.0,5.0,6.0,5.0,1.0,0.0,245.0,109.0,219.0,36.0,149.0,83.0,26.0,69.0,98.0,23.0,81.0,207.0,54.0,48.0,19.0,18.0,14.0,35.0,3.0,16.0,13.0,15.0,4.0,0.0,0.0
0.0,7.0,65.0,102.0,146.0,81.0,44.0,80.0,39.0,8.0,3.0,36.0,22.0,120.0,26.0,21.0,19.0,47.0,17.0,21.0,8.0,9.0,6.0,1.0,0.0,272.0,120.0,229.0,48.0,173.0,109.0,50.0,93.0,6.0,40.0,104.0,83.0,81.0,21.0,22.0,23.0,17.0,43.0,7.0,1.0,13.0,16.0,4.0,0.0,0.0
0.0,8.0,84.0,27.0,58.0,93.0,49.0,100.0,47.0,17.0,8.0,49.0,43.0,140.0,35.0,11.0,8.0,59.0,22.0,32.0,9.0,4.0,6.0,1.0,0.0,311.0,137.0,241.0,58.0,37.0,129.0,63.0,129.0,19.0,57.0,14.0,116.0,106.0,30.0,22.0,25.0,23.0,54.0,8.0,5.0,16.0,18.0,4.0,0.0,0.0
2.0,1.0,108.0,43.0,85.0,101.0,55.0,40.0,56.0,6.0,2.0,67.0,66.0,160.0,51.0,18.0,14.0,65.0,28.0,5.0,11.0,6.0,6.0,1.0,0.0,333.0,152.0,97.0,74.0,50.0,153.0,86.0,44.0,32.0,17.0,30.0,148.0,132.0,46.0,23.0,26.0,3.0,61.0,8.0,5.0,18.0,19.0,1.0,0.0,0.0
3.0,1.0,122.0,77.0,105.0,117.0,65.0,57.0,64.0,8.0,5.0,28.0,87.0,23.0,59.0,26.0,20.0,72.0,35.0,11.0,14.0,7.0,5.0,1.0,0.0,371.0,165.0,111.0,86.0,63.0,172.0,113.0,78.0,41.0,37.0,45.0,186.0,49.0,62.0,25.0,30.0,7.0,70.0,10.0,6.0,4.0,19.0,1.0,0.0,0.0
1.0,3.0,137.0,99.0,40.0,131.0,69.0,88.0,73.0,13.0,6.0,38.0,103.0,44.0,67.0,27.0,6.0,94.0,37.0,14.0,3.0,8.0,5.0,2.0,0.0,179.0,176.0,122.0,98.0,73.0,43.0,136.0,106.0,52.0,52.0,73.0,24.0,77.0,69.0,26.0,33.0,12.0,78.0,13.0,4.0,7.0,21.0,2.0,0.0,0.0
2.0,6.0,51.0,123.0,58.0,151.0,25.0,108.0,19.0,21.0,0.0,18.0,124.0,63.0,78.0,35.0,14.0,99.0,7.0,18.0,5.0,11.0,6.0,2.0,0.0,214.0,193.0,127.0,108.0,85.0,63.0,167.0,138.0,19.0,65.0,15.0,67.0,102.0,39.0,26.0,7.0,17.0,6.0,14.0,5.0,9.0,21.0,3.0,0.0,0.0
2.0,8.0,79.0,153.0,87.0,160.0,29.0,128.0,35.0,27.0,1.0,34.0,146.0,81.0,15.0,38.0,16.0,23.0,9.0,24.0,7.0,12.0,6.0,1.0,0.0,249.0,206.0,141.0,129.0,33.0,78.0,193.0,165.0,24.0,85.0,31.0,90.0,136.0,46.0,27.0,10.0,19.0,13.0,15.0,7.0,13.0,2.0,3.0,0.0,0.0
3.0,2.0,101.0,39.0,108.0,41.0,40.0,148.0,43.0,15.0,2.0,45.0,166.0,30.0,21.0,44.0,18.0,28.0,17.0,29.0,10.0,1.0,7.0,1.0,0.0,285.0,216.0,155.0,141.0,45.0,97.0,221.0,196.0,33.0,20.0,52.0,125.0,89.0,57.0,28.0,14.0,4.0,22.0,15.0,11.0,5.0,2.0,3.0,0.0,0.0
5.0,4.0,133.0,67.0,133.0,57.0,49.0,69.0,52.0,23.0,2.0,22.0,35.0,67.0,32.0,10.0,22.0,35.0,23.0,7.0,12.0,2.0,8.0,3.0,0.0,307.0,98.0,88.0,155.0,52.0,115.0,237.0,221.0,39.0,42.0,72.0,35.0,111.0,65.0,28.0,22.0,8.0,26.0,3.0,13.0,6.0,2.0,6.0,0.0,0.0
5.0,5.0,158.0,99.0,162.0,66.0,18.0,93.0,60.0,31.0,6.0,36.0,53.0,98.0,15.0,16.0,24.0,45.0,12.0,11.0,14.0,3.0,8.0,4.0,0.0,334.0,115.0,98.0,169.0,68.0,48.0,267.0,246.0,46.0,60.0,95.0,81.0,136.0,7.0,33.0,25.0,12.0,36.0,6.0,14.0,9.0,3.0,1.0,0.0,0.0
1.0,7.0,43.0,130.0,38.0,75.0,20.0,116.0,67.0,38.0,8.0,53.0,66.0,118.0,19.0,18.0,27.0,55.0,20.0,15.0,16.0,9.0,1.0,5.0,0.0,367.0,124.0,112.0,183.0,80.0,62.0,289.0,276.0,15.0,76.0,33.0,117.0,20.0,16.0,33.0,32.0,16.0,10.0,7.0,0.0,10.0,2.0,2.0,0.0,0.0
2.0,7.0,69.0,165.0,61.0,84.0,28.0,138.0,31.0,42.0,9.0,67.0,84.0,45.0,29.0,25.0,6.0,67.0,27.0,21.0,4.0,11.0,2.0,6.0,0.0,396.0,138.0,123.0,191.0,91.0,78.0,314.0,311.0,24.0,103.0,56.0,167.0,43.0,30.0,34.0,36.0,6.0,19.0,9.0,3.0,11.0,4.0,2.0,0.0,0.0
4.0,9.0,96.0,50.0,77.0,99.0,33.0,52.0,39.0,50.0,9.0,26.0,97.0,25.0,35.0,30.0,9.0,74.0,36.0,16.0,7.0,11.0,4.0,1.0,0.0,175.0,149.0,136.0,98.0,109.0,95.0,337.0,347.0,38.0,28.0,84.0,210.0,70.0,41.0,0.0,36.0,11.0,26.0,9.0,4.0,14.0,7.0,2.0,0.0,0.0
4.0,3.0,122.0,80.0,98.0,22.0,38.0,78.0,51.0,64.0,10.0,37.0,116.0,42.0,9.0,35.0,15.0,82.0,44.0,21.0,8.0,4.0,4.0,0.0,0.0,219.0,166.0,153.0,110.0,126.0,113.0,368.0,141.0,44.0,48.0,108.0,59.0,99.0,8.0,1.0,40.0,11.0,33.0,3.0,6.0,2.0,7.0,3.0,0.0,0.0
4.0,3.0,141.0,102.0,116.0,35.0,42.0,96.0,59.0,34.0,11.0,53.0,146.0,72.0,20.0,45.0,4.0,92.0,47.0,23.0,3.0,6.0,4.0,1.0,0.0,245.0,181.0,165.0,121.0,141.0,78.0,390.0,173.0,52.0,63.0,129.0,104.0,120.0,17.0,3.0,41.0,14.0,18.0,7.0,6.0,5.0,7.0,4.0,0.0,0.0
5.0,4.0,164.0,132.0,34.0,52.0,49.0,120.0,21.0,39.0,11.0,69.0,165.0,90.0,19.0,51.0,7.0,105.0,6.0,26.0,8.0,8.0,5.0,2.0,0.0,263.0,203.0,178.0,136.0,63.0,96.0,414.0,206.0,61.0,80.0,31.0,135.0,54.0,31.0,8.0,2.0,19.0,22.0,9.0,0.0,6.0,8.0,4.0,0.0,0.0
5.0,5.0,37.0,151.0,54.0,68.0,53.0,143.0,30.0,50.0,13.0,83.0,190.0,35.0,30.0,7.0,11.0,11.0,16.0,32.0,12.0,11.0,1.0,4.0,0.0,297.0,216.0,195.0,147.0,81.0,118.0,439.0,246.0,72.0,104.0,61.0,182.0,76.0,40.0,10.0,4.0,23.0,33.0,12.0,3.0,7.0,2.0,6.0,0.0,0.0
6.0,5.0,65.0,173.0,63.0,81.0,59.0,30.0,34.0,16.0,15.0,99.0,211.0,62.0,40.0,11.0,13.0,24.0,23.0,38.0,19.0,1.0,2.0,4.0,0.0,320.0,234.0,217.0,45.0,90.0,146.0,464.0,271.0,84.0,48.0,83.0,218.0,103.0,57.0,12.0,3.0,4.0,41.0,4.0,4.0,8.0,2.0,6.0,0.0,0.0
7.0,0.0,97.0,203.0,77.0,19.0,68.0,46.0,43.0,25.0,18.0,114.0,230.0,94.0,16.0,21.0,15.0,38.0,28.0,6.0,21.0,6.0,3.0,4.0,0.0,103.0,245.0,233.0,52.0,110.0,66.0,486.0,131.0,96.0,64.0,102.0,70.0,132.0,5.0,14.0,7.0,12.0,48.0,5.0,5.0,2.0,3.0,8.0,0.0,0.0
5.0,1.0,123.0,72.0,104.0,38.0,78.0,66.0,51.0,31.0,20.0,127.0,67.0,113.0,23.0,29.0,5.0,47.0,9.0,14.0,25.0,7.0,4.0,2.0,0.0,129.0,255.0,248.0,69.0,116.0,91.0,513.0,171.0,106.0,78.0,127.0,117.0,164.0,11.0,16.0,16.0,13.0,59.0,6.0,4.0,3.0,4.0,0.0,0.0,0.0
7.0,3.0,144.0,92.0,124.0,48.0,24.0,90.0,20.0,38.0,23.0,145.0,87.0,133.0,35.0,39.0,8.0,60.0,14.0,18.0,27.0,14.0,5.0,2.0,0.0,159.0,274.0,270.0,83.0,50.0,108.0,258.0,195.0,114.0,93.0,48.0,156.0,112.0,23.0,16.0,18.0,2.0,4.0,6.0,8.0,4.0,4.0,0.0,0.0,0.0
8.0,5.0,37.0,129.0,37.0,63.0,28.0,115.0,29.0,41.0,25.0,157.0,108.0,160.0,44.0,16.0,10.0,21.0,25.0,19.0,4.0,17.0,5.0,2.0,0.0,192.0,289.0,287.0,92.0,67.0,132.0,284.0,214.0,124.0,118.0,74.0,190.0,148.0,33.0,18.0,20.0,5.0,8.0,8.0,8.0,6.0,3.0,1.0,0.0,0.0
9.0,4.0,60.0,163.0,58.0,77.0,42.0,141.0,39.0,44.0,29.0,47.0,128.0,68.0,50.0,26.0,15.0,10.0,33.0,6.0,12.0,17.0,7.0,4.0,0.0,230.0,308.0,156.0,109.0,78.0,153.0,308.0,247.0,138.0,70.0,101.0,229.0,168.0,39.0,18.0,4.0,11.0,13.0,10.0,10.0,6.0,5.0,2.0,0.0,0.0
9.0,7.0,91.0,184.0,79.0,88.0,48.0,46.0,47.0,51.0,29.0,55.0,150.0,89.0,64.0,35.0,20.0,21.0,41.0,8.0,16.0,1.0,9.0,5.0,0.0,257.0,323.0,176.0,120.0,93.0,53.0,328.0,284.0,148.0,84.0,123.0,113.0,192.0,21.0,19.0,11.0,14.0,16.0,0.0,13.0,8.0,5.0,3.0,0.0,0.0
9.0,7.0,110.0,49.0,97.0,26.0,51.0,74.0,54.0,57.0,4.0,65.0,80.0,114.0,73.0,43.0,4.0,29.0,5.0,18.0,5.0,3.0,12.0,5.0,0.0,99.0,343.0,194.0,132.0,104.0,74.0,362.0,312.0,157.0,107.0,147.0,157.0,213.0,33.0,19.0,11.0,23.0,23.0,1.0,14.0,11.0,9.0,0.0,0.0,0.0
9.0,7.0,68.0,76.0,119.0,35.0,64.0,89.0,61.0,69.0,6.0,80.0,99.0,138.0,39.0,52.0,7.0,34.0,15.0,22.0,7.0,6.0,13.0,6.0,0.0,137.0,359.0,208.0,148.0,41.0,96.0,389.0,343.0,168.0,124.0,86.0,198.0,110.0,46.0,20.0,18.0,3.0,28.0,1.0,2.0,16.0,4.0,2.0,0.0,0.0
9.0,8.0,100.0,107.0,143.0,49.0,75.0,110.0,71.0,75.0,6.0,93.0,119.0,162.0,57.0,57.0,11.0,49.0,25.0,25.0,12.0,8.0,2.0,6.0,0.0,177.0,376.0,226.0,163.0,52.0,115.0,414.0,372.0,183.0,61.0,99.0,234.0,130.0,57.0,5.0,22.0,4.0,37.0,4.0,4.0,17.0,4.0,2.0,0.0,0.0
3.0,9.0,132.0,87.0,163.0,62.0,22.0,139.0,86.0,21.0,7.0,18.0,140.0,82.0,67.0,31.0,13.0,19.0,36.0,6.0,13.0,3.0,4.0,6.0,0.0,201.0,115.0,238.0,175.0,70.0,140.0,428.0,398.0,194.0,84.0,115.0,278.0,153.0,73.0,6.0,26.0,9.0,44.0,6.0,4.0,23.0,6.0,4.0,0.0,0.0
3.0,10.0,169.0,126.0,180.0,21.0,32.0,159.0,94.0,25.0,9.0,34.0,159.0,101.0,77.0,35.0,14.0,24.0,45.0,15.0,16.0,4.0,4.0,7.0,0.0,234.0,47.0,252.0,188.0,77.0,163.0,451.0,429.0,48.0,102.0,126.0,143.0,182.0,86.0,7.0,8.0,15.0,11.0,9.0,1.0,3.0,7.0,4.0,0.0,0.0
3.0,5.0,197.0,152.0,209.0,40.0,35.0,54.0,104.0,32.0,9.0,49.0,33.0,131.0,84.0,42.0,15.0,35.0,17.0,18.0,7.0,8.0,4.0,1.0,0.0,253.0,66.0,269.0,202.0,96.0,186.0,481.0,452.0,61.0,121.0,61.0,194.0,216.0,94.0,11.0,14.0,21.0,19.0,10.0,5.0,4.0,9.0,5.0,0.0,0.0
5.0,7.0,229.0,176.0,114.0,49.0,11.0,75.0,111.0,44.0,0.0,66.0,58.0,146.0,42.0,49.0,2.0,42.0,26.0,20.0,2.0,9.0,0.0,1.0,0.0,284.0,83.0,129.0,218.0,113.0,201.0,180.0,486.0,69.0,144.0,82.0,230.0,119.0,106.0,13.0,16.0,22.0,30.0,1.0,8.0,6.0,12.0,5.0,0.0,0.0
5.0,10.0,260.0,202.0,132.0,61.0,16.0,101.0,123.0,49.0,2.0,82.0,78.0,176.0,51.0,59.0,5.0,50.0,33.0,27.0,5.0,9.0,1.0,3.0,0.0,322.0,98.0,44.0,225.0,131.0,219.0,207.0,523.0,81.0,156.0,102.0,103.0,160.0,117.0,15.0,20.0,6.0,36.0,2.0,14.0,1.0,1.0,5.0,0.0,0.0
2.0,12.0,115.0,220.0,153.0,77.0,28.0,122.0,31.0,54.0,3.0,100.0,109.0,31.0,61.0,67.0,8.0,62.0,43.0,13.0,8.0,6.0,3.0,3.0,0.0,350.0,117.0,62.0,238.0,142.0,236.0,228.0,181.0,90.0,176.0,126.0,151.0,184.0,124.0,17.0,22.0,8.0,42.0,4.0,14.0,6.0,5.0,6.0,0.0,0.0
2.0,12.0,145.0,256.0,178.0,41.0,36.0,149.0,40.0,63.0,5.0,44.0,125.0,51.0,74.0,74.0,11.0,71.0,47.0,20.0,12.0,8.0,5.0,0.0,0.0,374.0,138.0,76.0,256.0,159.0,260.0,257.0,213.0,99.0,203.0,36.0,201.0,209.0,132.0,17.0,25.0,4.0,52.0,10.0,5.0,10.0,1.0,8.0,0.0,0.0
0.0,4.0,181.0,290.0,204.0,53.0,44.0,177.0,47.0,71.0,6.0,59.0,156.0,75.0,89.0,77.0,7.0,82.0,20.0,28.0,17.0,9.0,9.0,4.0,0.0,232.0,158.0,86.0,121.0,177.0,281.0,285.0,229.0,106.0,219.0,54.0,255.0,237.0,144.0,17.0,30.0,8.0,24.0,13.0,6.0,11.0,2.0,0.0,0.0,0.0
0.0,6.0,205.0,139.0,223.0,71.0,26.0,193.0,58.0,16.0,9.0,67.0,38.0,103.0,17.0,86.0,14.0,93.0,24.0,32.0,8.0,13.0,0.0,4.0,0.0,271.0,172.0,104.0,135.0,190.0,302.0,307.0,266.0,119.0,66.0,71.0,135.0,280.0,156.0,5.0,35.0,10.0,9.0,13.0,10.0,13.0,3.0,1.0,0.0,0.0
0.0,6.0,236.0,175.0,241.0,85.0,34.0,210.0,69.0,3.0,10.0,82.0,66.0,126.0,32.0,96.0,19.0,102.0,34.0,39.0,10.0,14.0,1.0,6.0,0.0,309.0,183.0,120.0,149.0,206.0,322.0,333.0,288.0,130.0,82.0,87.0,182.0,298.0,100.0,7.0,38.0,12.0,14.0,16.0,11.0,5.0,4.0,1.0,0.0,0.0
1.0,5.0,65.0,195.0,266.0,93.0,41.0,232.0,79.0,9.0,1.0,99.0,88.0,148.0,43.0,10.0,22.0,35.0,42.0,13.0,11.0,13.0,2.0,8.0,0.0,336.0,109.0,133.0,168.0,220.0,337.0,349.0,316.0,140.0,98.0,18.0,215.0,325.0,114.0,8.0,15.0,14.0,19.0,4.0,12.0,5.0,5.0,1.0,0.0,0.0
1.0,5.0,95.0,217.0,282.0,108.0,52.0,250.0,93.0,17.0,5.0,111.0,101.0,57.0,59.0,17.0,26.0,39.0,46.0,19.0,14.0,16.0,4.0,3.0,0.0,177.0,123.0,140.0,183.0,241.0,152.0,380.0,344.0,156.0,123.0,25.0,264.0,263.0,126.0,9.0,17.0,20.0,32.0,4.0,16.0,5.0,2.0,2.0,0.0,0.0
2.0,6.0,123.0,245.0,297.0,49.0,55.0,274.0,105.0,22.0,5.0,126.0,126.0,80.0,72.0,31.0,31.0,53.0,21.0,25.0,19.0,17.0,6.0,3.0,0.0,207.0,146.0,154.0,194.0,257.0,172.0,408.0,371.0,166.0,139.0,38.0,89.0,285.0,139.0,10.0,19.0,25.0,41.0,10.0,3.0,6.0,4.0,4.0,0.0,0.0
2.0,8.0,47.0,270.0,320.0,64.0,59.0,298.0,115.0,30.0,5.0,15.0,141.0,103.0,80.0,34.0,5.0,62.0,27.0,30.0,22.0,23.0,4.0,4.0,0.0,237.0,161.0,106.0,211.0,281.0,186.0,436.0,401.0,173.0,167.0,60.0,136.0,312.0,154.0,10.0,26.0,6.0,52.0,12.0,4.0,11.0,5.0,5.0,0.0,0.0
4.0,11.0,73.0,307.0,95.0,79.0,62.0,321.0,125.0,16.0,5.0,41.0,171.0,120.0,88.0,44.0,10.0,69.0,37.0,40.0,23.0,24.0,6.0,5.0,0.0,262.0,177.0,118.0,231.0,293.0,204.0,462.0,423.0,183.0,182.0,78.0,175.0,142.0,48.0,11.0,31.0,7.0,57.0,13.0,7.0,13.0,6.0,1.0,0.0,0.0
2.0,11.0,98.0,57.0,128.0,88.0,72.0,348.0,140.0,25.0,5.0,54.0,188.0,157.0,98.0,13.0,14.0,78.0,45.0,24.0,26.0,26.0,7.0,5.0,0.0,296.0,196.0,125.0,245.0,312.0,228.0,482.0,461.0,194.0,200.0,99.0,209.0,177.0,56.0,11.0,35.0,11.0,64.0,17.0,7.0,2.0,7.0,2.0,0.0,0.0
2.0,13.0,123.0,99.0,149.0,109.0,77.0,144.0,150.0,38.0,5.0,72.0,26.0,187.0,109.0,17.0,16.0,17.0,51.0,31.0,29.0,29.0,1.0,7.0,0.0,330.0,220.0,139.0,262.0,327.0,244.0,505.0,494.0,204.0,222.0,117.0,254.0,91.0,72.0,12.0,42.0,18.0,22.0,18.0,12.0,3.0,4.0,4.0,0.0,0.0
2.0,6.0,148.0,139.0,166.0,119.0,84.0,169.0,163.0,43.0,2.0,83.0,44.0,217.0,116.0,23.0,19.0,29.0,58.0,36.0,32.0,31.0,2.0,7.0,0.0,366.0,238.0,156.0,271.0,197.0,259.0,535.0,526.0,89.0,240.0,139.0,308.0,111.0,86.0,12.0,44.0,24.0,28.0,7.0,13.0,6.0,6.0,4.0,0.0,0.0
3.0,6.0,175.0,165.0,59.0,127.0,26.0,197.0,174.0,50.0,3.0,106.0,68.0,251.0,132.0,31.0,24.0,37.0,61.0,40.0,15.0,35.0,2.0,1.0,0.0,404.0,255.0,169.0,287.0,80.0,279.0,555.0,558.0,98.0,266.0,162.0,348.0,135.0,103.0,15.0,21.0,28.0,36.0,7.0,16.0,10.0,4.0,5.0,0.0,0.0
3.0,1.0,211.0,194.0,86.0,140.0,37.0,222.0,75.0,58.0,7.0,118.0,94.0,23.0,143.0,41.0,29.0,51.0,68.0,46.0,19.0,40.0,3.0,1.0,0.0,440.0,275.0,56.0,301.0,97.0,301.0,573.0,581.0,105.0,136.0,193.0,381.0,28.0,64.0,15.0,26.0,33.0,45.0,9.0,6.0,16.0,7.0,5.0,0.0,0.0
3.0,1.0,83.0,217.0,102.0,153.0,47.0,238.0,83.0,61.0,8.0,138.0,120.0,48.0,155.0,51.0,35.0,12.0,76.0,8.0,23.0,42.0,5.0,1.0,0.0,471.0,295.0,78.0,317.0,113.0,321.0,598.0,597.0,117.0,157.0,213.0,424.0,66.0,80.0,15.0,28.0,38.0,56.0,12.0,7.0,18.0,9.0,6.0,0.0,0.0
3.0,1.0,34.0,253.0,117.0,40.0,54.0,60.0,91.0,69.0,9.0,155.0,52.0,81.0,19.0,53.0,40.0,23.0,81.0,12.0,26.0,44.0,7.0,1.0,0.0,503.0,307.0,91.0,339.0,122.0,111.0,622.0,619.0,128.0,184.0,234.0,462.0,105.0,15.0,17.0,2.0,27.0,63.0,14.0,8.0,18.0,10.0,2.0,0.0,0.0
0.0,4.0,60.0,268.0,135.0,54.0,58.0,82.0,101.0,37.0,9.0,172.0,72.0,105.0,30.0,63.0,42.0,35.0,33.0,17.0,29.0,45.0,8.0,4.0,0.0,536.0,329.0,106.0,113.0,136.0,67.0,652.0,365.0,138.0,202.0,123.0,502.0,142.0,23.0,17.0,4.0,34.0,66.0,16.0,9.0,21.0,11.0,2.0,0.0,0.0
0.0,5.0,86.0,299.0,152.0,69.0,20.0,116.0,108.0,40.0,10.0,187.0,103.0,135.0,39.0,71.0,50.0,41.0,42.0,20.0,6.0,48.0,10.0,0.0,0.0,555.0,340.0,41.0,126.0,148.0,92.0,672.0,391.0,146.0,222.0,140.0,549.0,168.0,30.0,18.0,8.0,36.0,38.0,18.0,11.0,23.0,11.0,2.0,0.0,0.0
0.0,5.0,113.0,88.0,47.0,79.0,28.0,132.0,22.0,50.0,13.0,201.0,127.0,62.0,46.0,15.0,55.0,47.0,50.0,23.0,10.0,49.0,11.0,1.0,0.0,215.0,357.0,61.0,140.0,167.0,112.0,700.0,416.0,159.0,239.0,163.0,596.0,194.0,42.0,0.0,14.0,15.0,52.0,20.0,15.0,10.0,14.0,2.0,0.0,0.0
1.0,1.0,142.0,112.0,70.0,88.0,35.0,154.0,38.0,59.0,14.0,219.0,150.0,82.0,49.0,25.0,59.0,62.0,55.0,4.0,15.0,2.0,11.0,3.0,0.0,247.0,374.0,77.0,152.0,179.0,129.0,337.0,223.0,119.0,258.0,180.0,403.0,208.0,53.0,0.0,18.0,20.0,0.0,21.0,19.0,14.0,18.0,3.0,0.0,0.0
0.0,2.0,177.0,138.0,104.0,106.0,41.0,49.0,44.0,69.0,17.0,229.0,173.0,104.0,23.0,31.0,63.0,15.0,60.0,6.0,18.0,3.0,11.0,4.0,0.0,289.0,385.0,84.0,41.0,193.0,146.0,356.0,258.0,133.0,272.0,205.0,444.0,227.0,63.0,3.0,19.0,24.0,8.0,22.0,22.0,16.0,8.0,3.0,0.0,0.0
0.0,5.0,196.0,161.0,123.0,119.0,46.0,67.0,50.0,75.0,19.0,243.0,67.0,123.0,35.0,41.0,6.0,21.0,69.0,12.0,23.0,5.0,15.0,6.0,0.0,315.0,395.0,101.0,57.0,205.0,170.0,380.0,298.0,145.0,289.0,234.0,475.0,148.0,75.0,4.0,7.0,33.0,18.0,24.0,13.0,19.0,8.0,3.0,0.0,0.0
0.0,7.0,72.0,192.0,143.0,40.0,50.0,89.0,62.0,82.0,19.0,253.0,94.0,147.0,51.0,49.0,11.0,33.0,11.0,16.0,11.0,9.0,3.0,6.0,0.0,345.0,419.0,118.0,70.0,102.0,189.0,89.0,334.0,155.0,307.0,250.0,511.0,174.0,89.0,4.0,14.0,35.0,23.0,0.0,14.0,20.0,9.0,1.0,0.0,0.0
1.0,4.0,103.0,226.0,168.0,53.0,59.0,109.0,23.0,89.0,19.0,273.0,116.0,167.0,65.0,60.0,13.0,51.0,20.0,19.0,16.0,12.0,3.0,6.0,0.0,386.0,440.0,135.0,77.0,119.0,211.0,119.0,361.0,163.0,325.0,270.0,558.0,194.0,107.0,4.0,14.0,39.0,27.0,3.0,15.0,22.0,11.0,2.0,0.0,0.0
2.0,5.0,122.0,80.0,183.0,60.0,68.0,35.0,30.0,92.0,21.0,80.0,140.0,62.0,85.0,66.0,14.0,14.0,25.0,23.0,18.0,16.0,4.0,6.0,0.0,419.0,231.0,147.0,89.0,135.0,229.0,155.0,387.0,171.0,334.0,289.0,588.0,213.0,120.0,4.0,14.0,3.0,29.0,4.0,0.0,23.0,14.0,3.0,0.0,0.0
4.0,4.0,71.0,107.0,202.0,77.0,17.0,58.0,34.0,100.0,23.0,94.0,155.0,82.0,92.0,77.0,19.0,22.0,27.0,6.0,19.0,17.0,5.0,2.0,0.0,454.0,242.0,161.0,106.0,151.0,134.0,184.0,424.0,182.0,349.0,150.0,451.0,231.0,130.0,4.0,17.0,8.0,37.0,7.0,0.0,23.0,15.0,5.0,0.0,0.0
4.0,6.0,88.0,132.0,231.0,91.0,25.0,77.0,47.0,22.0,24.0,103.0,48.0,110.0,101.0,86.0,23.0,31.0,39.0,14.0,21.0,22.0,1.0,2.0,0.0,494.0,258.0,176.0,121.0,162.0,21.0,202.0,449.0,193.0,358.0,170.0,501.0,250.0,137.0,6.0,22.0,9.0,7.0,10.0,3.0,25.0,20.0,5.0,0.0,0.0
5.0,8.0,116.0,165.0,87.0,99.0,32.0,99.0,16.0,28.0,26.0,125.0,70.0,122.0,48.0,95.0,25.0,44.0,50.0,17.0,22.0,25.0,2.0,2.0,0.0,522.0,273.0,186.0,139.0,176.0,44.0,229.0,478.0,202.0,141.0,194.0,487.0,270.0,149.0,7.0,26.0,16.0,20.0,12.0,4.0,0.0,20.0,0.0,0.0,0.0
1.0,9.0,137.0,86.0,108.0,111.0,41.0,36.0,32.0,35.0,7.0,133.0,92.0,142.0,60.0,100.0,31.0,58.0,15.0,8.0,4.0,28.0,4.0,3.0,0.0,544.0,289.0,199.0,155.0,190.0,64.0,108.0,504.0,208.0,157.0,217.0,330.0,205.0,160.0,7.0,31.0,17.0,29.0,15.0,7.0,0.0,22.0,2.0,0.0,0.0
2.0,10.0,162.0,113.0,128.0,119.0,54.0,57.0,51.0,9.0,7.0,148.0,109.0,53.0,68.0,56.0,35.0,67.0,24.0,15.0,9.0,30.0,6.0,1.0,0.0,570.0,307.0,213.0,164.0,211.0,85.0,133.0,542.0,221.0,171.0,238.0,374.0,241.0,170.0,7.0,33.0,6.0,36.0,4.0,10.0,2.0,22.0,2.0,0.0,0.0
2.0,12.0,180.0,72.0,151.0,57.0,62.0,83.0,13.0,12.0,7.0,164.0,128.0,76.0,75.0,61.0,39.0,78.0,29.0,0.0,2.0,32.0,6.0,3.0,0.0,249.0,322.0,223.0,173.0,109.0,111.0,160.0,293.0,229.0,185.0,257.0,418.0,159.0,184.0,7.0,38.0,8.0,41.0,5.0,14.0,3.0,0.0,2.0,0.0,0.0
2.0,2.0,210.0,97.0,69.0,69.0,73.0,107.0,25.0,26.0,8.0,67.0,148.0,104.0,86.0,69.0,44.0,89.0,32.0,3.0,5.0,9.0,7.0,3.0,0.0,277.0,336.0,240.0,188.0,124.0,128.0,187.0,319.0,241.0,203.0,282.0,453.0,179.0,190.0,8.0,39.0,13.0,27.0,7.0,19.0,6.0,0.0,2.0,0.0,0.0
3.0,2.0,231.0,126.0,36.0,81.0,25.0,128.0,39.0,29.0,11.0,77.0,171.0,121.0,26.0,73.0,45.0,96.0,42.0,5.0,9.0,14.0,7.0,3.0,0.0,298.0,351.0,254.0,200.0,138.0,143.0,213.0,347.0,253.0,225.0,293.0,486.0,199.0,58.0,8.0,45.0,19.0,32.0,12.0,2.0,8.0,1.0,0.0,0.0,0.0
4.0,2.0,253.0,151.0,55.0,90.0,32.0,143.0,42.0,16.0,14.0,92.0,202.0,141.0,38.0,78.0,46.0,105.0,49.0,8.0,1.0,3.0,9.0,4.0,0.0,321.0,171.0,272.0,216.0,152.0,161.0,238.0,377.0,69.0,245.0,308.0,516.0,190.0,73.0,8.0,48.0,25.0,36.0,12.0,3.0,14.0,1.0,1.0,0.0,0.0
4.0,3.0,79.0,174.0,69.0,59.0,41.0,171.0,51.0,28.0,16.0,14.0,91.0,167.0,45.0,84.0,48.0,113.0,59.0,20.0,7.0,5.0,10.0,6.0,0.0,136.0,189.0,288.0,229.0,168.0,186.0,126.0,403.0,76.0,257.0,324.0,547.0,208.0,84.0,10.0,54.0,32.0,42.0,14.0,6.0,5.0,2.0,3.0,0.0,0.0
4.0,3.0,109.0,73.0,96.0,73.0,45.0,76.0,61.0,33.0,16.0,27.0,114.0,193.0,52.0,92.0,54.0,125.0,26.0,24.0,9.0,8.0,15.0,0.0,0.0,161.0,200.0,298.0,236.0,177.0,202.0,153.0,421.0,83.0,17.0,346.0,567.0,236.0,100.0,4.0,58.0,39.0,49.0,18.0,3.0,6.0,3.0,6.0,0.0,0.0
4.0,4.0,126.0,99.0,114.0,87.0,22.0,96.0,69.0,38.0,7.0,36.0,32.0,111.0,65.0,96.0,13.0,131.0,32.0,27.0,14.0,4.0,1.0,1.0,0.0,188.0,214.0,314.0,250.0,190.0,221.0,177.0,445.0,98.0,30.0,361.0,603.0,266.0,19.0,5.0,62.0,40.0,58.0,18.0,4.0,9.0,3.0,6.0,0.0,0.0
6.0,1.0,152.0,50.0,133.0,97.0,26.0,119.0,80.0,52.0,8.0,54.0,51.0,128.0,71.0,104.0,20.0,135.0,38.0,34.0,14.0,4.0,2.0,2.0,0.0,220.0,85.0,324.0,115.0,202.0,236.0,196.0,474.0,105.0,46.0,204.0,652.0,291.0,31.0,5.0,65.0,45.0,65.0,22.0,6.0,12.0,1.0,8.0,0.0,0.0
8.0,1.0,173.0,76.0,145.0,109.0,35.0,65.0,40.0,57.0,10.0,68.0,59.0,153.0,79.0,109.0,24.0,144.0,43.0,22.0,15.0,6.0,4.0,4.0,0.0,250.0,95.0,353.0,127.0,221.0,255.0,221.0,489.0,113.0,68.0,223.0,682.0,314.0,38.0,6.0,69.0,46.0,73.0,9.0,6.0,13.0,1.0,8.0,0.0,0.0
2.0,3.0,37.0,105.0,162.0,33.0,43.0,41.0,49.0,63.0,11.0,26.0,80.0,45.0,90.0,111.0,28.0,46.0,58.0,27.0,18.0,10.0,4.0,1.0,0.0,266.0,103.0,369.0,139.0,237.0,273.0,240.0,521.0,122.0,87.0,242.0,463.0,339.0,51.0,8.0,74.0,7.0,4.0,11.0,8.0,17.0,1.0,8.0,0.0,0.0
2.0,5.0,50.0,126.0,179.0,44.0,45.0,64.0,52.0,68.0,13.0,36.0,102.0,76.0,104.0,119.0,32.0,53.0,67.0,31.0,9.0,11.0,4.0,1.0,0.0,296.0,113.0,385.0,148.0,250.0,294.0,257.0,549.0,134.0,104.0,264.0,370.0,360.0,66.0,11.0,1.0,12.0,7.0,12.0,4.0,21.0,0.0,2.0,0.0,0.0
2.0,7.0,70.0,146.0,197.0,54.0,49.0,79.0,32.0,72.0,13.0,54.0,53.0,99.0,119.0,128.0,34.0,65.0,27.0,32.0,12.0,12.0,4.0,1.0,0.0,324.0,121.0,396.0,160.0,265.0,147.0,279.0,573.0,142.0,116.0,126.0,412.0,380.0,76.0,12.0,2.0,14.0,10.0,13.0,7.0,24.0,0.0,3.0,0.0,0.0
2.0,2.0,101.0,41.0,215.0,60.0,27.0,95.0,44.0,34.0,14.0,65.0,70.0,111.0,32.0,134.0,39.0,75.0,31.0,36.0,16.0,14.0,5.0,2.0,0.0,352.0,69.0,405.0,175.0,279.0,162.0,304.0,601.0,156.0,142.0,141.0,443.0,397.0,84.0,12.0,8.0,16.0,26.0,0.0,9.0,28.0,2.0,0.0,0.0,0.0
2.0,3.0,123.0,66.0,234.0,72.0,6.0,110.0,56.0,37.0,16.0,79.0,89.0,126.0,38.0,138.0,43.0,93.0,35.0,40.0,18.0,10.0,7.0,4.0,0.0,378.0,84.0,420.0,183.0,288.0,182.0,338.0,623.0,170.0,155.0,164.0,485.0,315.0,94.0,12.0,12.0,0.0,29.0,1.0,12.0,30.0,4.0,0.0,0.0,0.0
2.0,0.0,147.0,98.0,250.0,77.0,10.0,124.0,62.0,25.0,18.0,39.0,109.0,75.0,46.0,53.0,43.0,21.0,50.0,47.0,21.0,13.0,8.0,5.0,0.0,220.0,94.0,227.0,194.0,297.0,205.0,361.0,653.0,178.0,169.0,181.0,244.0,339.0,11.0,12.0,15.0,5.0,37.0,1.0,1.0,33.0,5.0,0.0,0.0,0.0
2.0,2.0,76.0,120.0,60.0,87.0,19.0,29.0,68.0,30.0,8.0,51.0,125.0,93.0,51.0,57.0,43.0,25.0,58.0,53.0,6.0,16.0,9.0,6.0,0.0,248.0,105.0,236.0,210.0,305.0,224.0,155.0,673.0,184.0,180.0,192.0,268.0,358.0,19.0,12.0,21.0,12.0,2.0,3.0,3.0,33.0,0.0,0.0,0.0,0.0
3.0,4.0,99.0,140.0,74.0,101.0,25.0,49.0,28.0,34.0,11.0,61.0,67.0,114.0,60.0,66.0,47.0,39.0,67.0,56.0,10.0,17.0,14.0,6.0,0.0,274.0,122.0,246.0,224.0,317.0,238.0,174.0,699.0,194.0,195.0,209.0,304.0,383.0,32.0,12.0,24.0,15.0,3.0,4.0,3.0,35.0,2.0,0.0,0.0,0.0
3.0,7.0,45.0,160.0,91.0,116.0,33.0,69.0,36.0,44.0,9.0,72.0,86.0,131.0,22.0,72.0,50.0,47.0,80.0,60.0,11.0,20.0,17.0,7.0,0.0,301.0,77.0,258.0,232.0,330.0,257.0,195.0,728.0,201.0,209.0,225.0,331.0,228.0,42.0,1.0,29.0,16.0,6.0,6.0,4.0,5.0,4.0,1.0,0.0,0.0
1.0,8.0,66.0,183.0,104.0,28.0,43.0,86.0,13.0,50.0,10.0,84.0,104.0,148.0,26.0,78.0,54.0,55.0,89.0,14.0,15.0,21.0,18.0,7.0,0.0,321.0,87.0,273.0,246.0,347.0,276.0,208.0,755.0,212.0,91.0,246.0,368.0,253.0,52.0,2.0,31.0,20.0,9.0,1.0,9.0,5.0,5.0,2.0,0.0,0.0
1.0,8.0,84.0,202.0,59.0,41.0,46.0,98.0,21.0,17.0,12.0,94.0,55.0,175.0,37.0,28.0,59.0,15.0,92.0,20.0,19.0,22.0,19.0,7.0,0.0,345.0,106.0,282.0,254.0,366.0,298.0,224.0,783.0,217.0,102.0,264.0,399.0,273.0,63.0,2.0,32.0,23.0,15.0,2.0,10.0,7.0,6.0,3.0,0.0,0.0
0.0,10.0,119.0,58.0,81.0,52.0,54.0,115.0,31.0,21.0,15.0,105.0,71.0,189.0,43.0,33.0,61.0,21.0,101.0,28.0,23.0,23.0,0.0,9.0,0.0,376.0,117.0,112.0,139.0,380.0,318.0,247.0,812.0,57.0,115.0,275.0,425.0,297.0,71.0,3.0,12.0,24.0,20.0,4.0,13.0,5.0,0.0,3.0,0.0,0.0
1.0,3.0,134.0,73.0,98.0,62.0,63.0,130.0,44.0,7.0,15.0,118.0,41.0,207.0,54.0,41.0,64.0,28.0,43.0,33.0,28.0,23.0,0.0,10.0,0.0,399.0,134.0,121.0,150.0,394.0,330.0,264.0,834.0,65.0,129.0,163.0,455.0,328.0,80.0,3.0,14.0,28.0,31.0,5.0,3.0,6.0,2.0,4.0,0.0,0.0
2.0,5.0,160.0,93.0,32.0,78.0,67.0,40.0,51.0,11.0,19.0,126.0,58.0,223.0,59.0,7.0,68.0,36.0,49.0,35.0,29.0,1.0,0.0,1.0,0.0,429.0,143.0,129.0,158.0,201.0,352.0,281.0,849.0,75.0,144.0,183.0,497.0,354.0,88.0,5.0,15.0,30.0,35.0,9.0,4.0,8.0,4.0,0.0,0.0,0.0
2.0,3.0,47.0,115.0,46.0,91.0,72.0,58.0,58.0,17.0,2.0,45.0,73.0,234.0,70.0,11.0,70.0,44.0,56.0,39.0,31.0,2.0,0.0,2.0,0.0,449.0,90.0,139.0,169.0,218.0,371.0,303.0,445.0,80.0,156.0,201.0,527.0,378.0,98.0,5.0,17.0,7.0,42.0,4.0,7.0,4.0,5.0,0.0,0.0,0.0
2.0,4.0,67.0,137.0,60.0,100.0,82.0,79.0,68.0,21.0,3.0,51.0,90.0,104.0,71.0,21.0,72.0,51.0,64.0,45.0,33.0,3.0,1.0,3.0,0.0,471.0,100.0,149.0,178.0,231.0,389.0,323.0,466.0,86.0,171.0,64.0,557.0,396.0,108.0,5.0,22.0,14.0,51.0,5.0,7.0,6.0,7.0,1.0,0.0,0.0
0.0,4.0,85.0,156.0,81.0,28.0,87.0,97.0,81.0,25.0,4.0,59.0,52.0,115.0,30.0,26.0,17.0,57.0,73.0,49.0,12.0,4.0,0.0,4.0,0.0,494.0,114.0,165.0,188.0,243.0,406.0,340.0,488.0,97.0,185.0,88.0,590.0,420.0,115.0,5.0,24.0,15.0,10.0,7.0,10.0,9.0,8.0,2.0,0.0,0.0
1.0,6.0,27.0,40.0,96.0,37.0,90.0,113.0,13.0,7.0,8.0,20.0,68.0,132.0,34.0,31.0,19.0,63.0,79.0,50.0,14.0,7.0,1.0,4.0,0.0,521.0,129.0,180.0,196.0,252.0,420.0,367.0,520.0,107.0,198.0,106.0,468.0,444.0,121.0,6.0,27.0,17.0,17.0,11.0,12.0,11.0,0.0,2.0,0.0,0.0
2.0,9.0,45.0,52.0,115.0,45.0,98.0,131.0,24.0,11.0,8.0,29.0,87.0,152.0,49.0,16.0,22.0,22.0,86.0,27.0,17.0,7.0,3.0,1.0,0.0,542.0,140.0,189.0,208.0,262.0,437.0,79.0,547.0,114.0,215.0,124.0,503.0,465.0,129.0,7.0,29.0,23.0,20.0,13.0,15.0,7.0,3.0,3.0,0.0,0.0
2.0,1.0,67.0,75.0,140.0,62.0,20.0,154.0,27.0,14.0,8.0,44.0,106.0,89.0,53.0,24.0,23.0,34.0,92.0,29.0,19.0,1.0,4.0,2.0,0.0,560.0,150.0,198.0,218.0,269.0,448.0,100.0,565.0,118.0,228.0,132.0,531.0,482.0,136.0,8.0,32.0,31.0,24.0,3.0,15.0,7.0,3.0,3.0,0.0,0.0
3.0,1.0,81.0,24.0,62.0,69.0,24.0,175.0,32.0,4.0,8.0,54.0,46.0,106.0,65.0,32.0,24.0,47.0,96.0,34.0,20.0,2.0,4.0,3.0,0.0,581.0,68.0,205.0,231.0,97.0,465.0,116.0,160.0,124.0,241.0,147.0,555.0,418.0,147.0,10.0,35.0,35.0,31.0,5.0,8.0,7.0,5.0,1.0,0.0,0.0
2.0,1.0,99.0,50.0,76.0,77.0,27.0,60.0,37.0,8.0,9.0,17.0,65.0,122.0,72.0,37.0,28.0,18.0,101.0,40.0,22.0,2.0,6.0,5.0,0.0,606.0,82.0,217.0,246.0,106.0,481.0,132.0,181.0,133.0,257.0,166.0,366.0,446.0,153.0,10.0,5.0,37.0,37.0,7.0,10.0,8.0,6.0,4.0,0.0,0.0
3.0,3.0,22.0,71.0,19.0,81.0,31.0,72.0,41.0,12.0,3.0,28.0,89.0,142.0,84.0,41.0,31.0,12.0,106.0,45.0,23.0,5.0,4.0,5.0,0.0,627.0,91.0,224.0,253.0,115.0,203.0,150.0,198.0,142.0,268.0,180.0,394.0,461.0,163.0,11.0,8.0,43.0,46.0,9.0,0.0,8.0,7.0,7.0,0.0,0.0
2.0,4.0,37.0,93.0,39.0,91.0,37.0,93.0,47.0,16.0,3.0,41.0,103.0,64.0,93.0,24.0,35.0,18.0,109.0,7.0,24.0,5.0,3.0,5.0,0.0,649.0,101.0,237.0,265.0,125.0,217.0,174.0,211.0,70.0,162.0,197.0,424.0,478.0,75.0,12.0,13.0,50.0,52.0,10.0,1.0,10.0,8.0,7.0,0.0,0.0
2.0,5.0,52.0,109.0,50.0,102.0,12.0,108.0,50.0,19.0,5.0,54.0,17.0,73.0,101.0,30.0,38.0,25.0,35.0,11.0,24.0,7.0,3.0,6.0,0.0,675.0,116.0,248.0,135.0,141.0,237.0,192.0,226.0,78.0,172.0,222.0,461.0,384.0,93.0,13.0,18.0,4.0,57.0,13.0,2.0,11.0,9.0,8.0,0.0,0.0
2.0,6.0,75.0,32.0,64.0,29.0,22.0,126.0,54.0,26.0,6.0,19.0,29.0,85.0,41.0,36.0,39.0,35.0,44.0,15.0,8.0,10.0,3.0,7.0,0.0,694.0,128.0,256.0,142.0,153.0,251.0,208.0,245.0,86.0,188.0,236.0,487.0,399.0,101.0,13.0,20.0,5.0,63.0,14.0,3.0,2.0,1.0,8.0,0.0,0.0
2.0,2.0,27.0,55.0,76.0,39.0,28.0,148.0,62.0,9.0,8.0,25.0,46.0,101.0,51.0,39.0,41.0,43.0,49.0,9.0,10.0,10.0,4.0,1.0,0.0,716.0,138.0,266.0,147.0,160.0,270.0,230.0,272.0,95.0,195.0,259.0,511.0,416.0,110.0,13.0,22.0,10.0,3.0,14.0,4.0,2.0,1.0,9.0,0.0,0.0
2.0,2.0,50.0,69.0,90.0,42.0,32.0,33.0,68.0,13.0,8.0,38.0,67.0,31.0,57.0,45.0,42.0,56.0,56.0,15.0,12.0,11.0,4.0,2.0,0.0,730.0,149.0,104.0,161.0,69.0,277.0,247.0,284.0,101.0,207.0,206.0,302.0,430.0,121.0,13.0,24.0,11.0,9.0,15.0,6.0,5.0,3.0,1.0,0.0,0.0
1.0,3.0,28.0,27.0,104.0,49.0,7.0,44.0,78.0,17.0,2.0,41.0,28.0,53.0,68.0,25.0,42.0,64.0,60.0,18.0,4.0,8.0,5.0,2.0,0.0,755.0,159.0,125.0,170.0,78.0,292.0,266.0,308.0,105.0,220.0,217.0,324.0,449.0,127.0,14.0,30.0,18.0,15.0,19.0,7.0,8.0,5.0,2.0,0.0,0.0
1.0,6.0,43.0,47.0,119.0,12.0,9.0,54.0,18.0,22.0,3.0,49.0,43.0,74.0,13.0,31.0,44.0,68.0,30.0,20.0,3.0,9.0,5.0,4.0,0.0,777.0,170.0,134.0,74.0,89.0,315.0,277.0,329.0,110.0,232.0,231.0,359.0,461.0,132.0,14.0,33.0,21.0,18.0,3.0,8.0,10.0,6.0,3.0,0.0,0.0
3.0,7.0,60.0,63.0,140.0,18.0,16.0,21.0,22.0,29.0,5.0,62.0,58.0,92.0,19.0,37.0,44.0,76.0,38.0,23.0,5.0,9.0,7.0,5.0,0.0,802.0,52.0,140.0,79.0,99.0,132.0,295.0,351.0,117.0,245.0,242.0,390.0,319.0,137.0,15.0,36.0,24.0,11.0,6.0,8.0,11.0,6.0,0.0,0.0,0.0
4.0,3.0,75.0,38.0,26.0,24.0,7.0,36.0,29.0,31.0,7.0,19.0,82.0,38.0,27.0,43.0,9.0,84.0,41.0,24.0,8.0,9.0,4.0,5.0,0.0,411.0,65.0,153.0,92.0,104.0,150.0,313.0,380.0,126.0,252.0,257.0,421.0,338.0,148.0,17.0,38.0,6.0,15.0,6.0,9.0,11.0,7.0,0.0,0.0,0.0
5.0,2.0,90.0,53.0,36.0,26.0,14.0,54.0,33.0,4.0,7.0,26.0,94.0,52.0,34.0,7.0,10.0,95.0,44.0,26.0,9.0,2.0,4.0,7.0,0.0,433.0,77.0,164.0,103.0,66.0,168.0,329.0,395.0,135.0,267.0,268.0,452.0,362.0,153.0,18.0,40.0,10.0,19.0,8.0,2.0,11.0,7.0,0.0,0.0,0.0
6.0,2.0,38.0,70.0,49.0,39.0,16.0,63.0,7.0,10.0,9.0,32.0,105.0,69.0,15.0,13.0,15.0,33.0,52.0,29.0,4.0,4.0,1.0,7.0,0.0,459.0,85.0,75.0,110.0,71.0,178.0,343.0,412.0,140.0,275.0,283.0,132.0,377.0,34.0,18.0,42.0,12.0,20.0,8.0,4.0,11.0,9.0,0.0,0.0,0.0
6.0,3.0,53.0,84.0,23.0,11.0,23.0,13.0,15.0,14.0,9.0,44.0,35.0,83.0,18.0,16.0,20.0,37.0,56.0,32.0,6.0,6.0,2.0,8.0,0.0,474.0,91.0,84.0,118.0,83.0,194.0,357.0,185.0,147.0,289.0,302.0,153.0,391.0,37.0,18.0,44.0,17.0,27.0,9.0,1.0,3.0,10.0,1.0,0.0,0.0
1.0,5.0,17.0,108.0,34.0,20.0,25.0,34.0,22.0,17.0,11.0,49.0,47.0,105.0,25.0,22.0,21.0,42.0,61.0,35.0,9.0,7.0,3.0,0.0,0.0,497.0,98.0,90.0,126.0,87.0,207.0,368.0,202.0,150.0,295.0,311.0,179.0,408.0,40.0,19.0,47.0,20.0,32.0,10.0,2.0,4.0,10.0,1.0,0.0,0.0
1.0,6.0,25.0,52.0,46.0,5.0,7.0,49.0,27.0,8.0,13.0,14.0,62.0,51.0,29.0,27.0,23.0,45.0,22.0,38.0,11.0,7.0,3.0,1.0,0.0,517.0,112.0,95.0,130.0,99.0,219.0,386.0,218.0,156.0,308.0,323.0,200.0,415.0,44.0,21.0,25.0,26.0,41.0,13.0,4.0,6.0,11.0,1.0,0.0,0.0
1.0,6.0,41.0,20.0,62.0,15.0,11.0,60.0,5.0,14.0,15.0,23.0,74.0,59.0,33.0,31.0,24.0,54.0,29.0,40.0,11.0,9.0,1.0,2.0,0.0,543.0,123.0,104.0,138.0,116.0,231.0,403.0,244.0,169.0,316.0,334.0,229.0,438.0,19.0,22.0,16.0,28.0,48.0,15.0,2.0,4.0,1.0,1.0,0.0,0.0
0.0,7.0,59.0,37.0,71.0,21.0,14.0,74.0,10.0,20.0,4.0,28.0,83.0,72.0,41.0,32.0,25.0,56.0,5.0,44.0,12.0,10.0,2.0,3.0,0.0,270.0,135.0,118.0,144.0,131.0,238.0,415.0,162.0,176.0,330.0,354.0,254.0,453.0,27.0,25.0,16.0,29.0,52.0,16.0,2.0,5.0,1.0,1.0,0.0,0.0
0.0,8.0,69.0,53.0,23.0,29.0,23.0,21.0,15.0,25.0,4.0,38.0,20.0,87.0,48.0,38.0,25.0,7.0,7.0,51.0,14.0,13.0,4.0,3.0,0.0,289.0,145.0,126.0,149.0,137.0,252.0,422.0,181.0,179.0,342.0,364.0,275.0,473.0,32.0,25.0,19.0,22.0,59.0,17.0,4.0,5.0,2.0,2.0,0.0,0.0
0.0,8.0,31.0,67.0,15.0,34.0,33.0,29.0,19.0,10.0,4.0,46.0,35.0,98.0,54.0,42.0,28.0,13.0,9.0,0.0,0.0,14.0,4.0,1.0,0.0,73.0,152.0,137.0,154.0,145.0,124.0,440.0,198.0,186.0,352.0,173.0,304.0,493.0,38.0,25.0,26.0,12.0,65.0,18.0,4.0,0.0,1.0,0.0,0.0,0.0
0.0,2.0,37.0,83.0,25.0,10.0,42.0,18.0,27.0,15.0,5.0,15.0,50.0,111.0,63.0,17.0,29.0,16.0,11.0,2.0,1.0,16.0,4.0,4.0,0.0,95.0,167.0,143.0,155.0,155.0,139.0,454.0,213.0,189.0,367.0,182.0,328.0,509.0,45.0,25.0,28.0,14.0,69.0,20.0,5.0,0.0,1.0,0.0,0.0,0.0
0.0,4.0,54.0,38.0,41.0,17.0,45.0,35.0,11.0,17.0,6.0,24.0,65.0,35.0,65.0,24.0,34.0,23.0,17.0,5.0,8.0,17.0,4.0,4.0,0.0,40.0,177.0,147.0,160.0,161.0,148.0,465.0,45.0,197.0,380.0,193.0,227.0,524.0,49.0,28.0,29.0,14.0,72.0,21.0,5.0,0.0,0.0,0.0,0.0,0.0
0.0,5.0,12.0,54.0,50.0,5.0,51.0,46.0,7.0,19.0,6.0,32.0,72.0,48.0,70.0,27.0,35.0,33.0,20.0,5.0,2.0,10.0,4.0,4.0,0.0,58.0,57.0,152.0,168.0,173.0,162.0,228.0,69.0,203.0,393.0,208.0,242.0,542.0,59.0,28.0,31.0,6.0,41.0,21.0,6.0,0.0,1.0,1.0,0.0,0.0
0.0,5.0,32.0,68.0,58.0,11.0,11.0,57.0,15.0,23.0,7.0,9.0,26.0,61.0,31.0,30.0,36.0,40.0,23.0,6.0,3.0,13.0,4.0,4.0,0.0,74.0,64.0,158.0,177.0,184.0,172.0,240.0,87.0,204.0,400.0,216.0,264.0,558.0,65.0,28.0,34.0,8.0,48.0,22.0,8.0,2.0,2.0,1.0,0.0,0.0
0.0,6.0,47.0,80.0,29.0,17.0,4.0,71.0,19.0,10.0,7.0,14.0,33.0,83.0,41.0,30.0,38.0,14.0,29.0,6.0,5.0,13.0,5.0,4.0,0.0,91.0,76.0,164.0,182.0,200.0,181.0,249.0,49.0,208.0,415.0,228.0,290.0,369.0,72.0,29.0,34.0,10.0,10.0,9.0,8.0,3.0,7.0,1.0,0.0,0.0
0.0,8.0,63.0,27.0,46.0,27.0,6.0,82.0,22.0,14.0,11.0,21.0,19.0,100.0,47.0,37.0,39.0,18.0,32.0,8.0,3.0,1.0,4.0,5.0,0.0,111.0,88.0,58.0,192.0,204.0,198.0,260.0,67.0,213.0,73.0,242.0,316.0,383.0,76.0,29.0,36.0,11.0,12.0,9.0,8.0,3.0,8.0,1.0,0.0,0.0
1.0,10.0,75.0,45.0,57.0,31.0,7.0,35.0,25.0,17.0,2.0,25.0,31.0,32.0,49.0,18.0,41.0,23.0,34.0,10.0,5.0,2.0,5.0,5.0,0.0,129.0,24.0,64.0,74.0,212.0,209.0,268.0,82.0,218.0,80.0,250.0,340.0,78.0,82.0,29.0,39.0,12.0,14.0,12.0,9.0,5.0,10.0,2.0,0.0,0.0
0.0,10.0,79.0,57.0,69.0,6.0,12.0,14.0,29.0,20.0,3.0,29.0,46.0,45.0,52.0,20.0,42.0,26.0,36.0,15.0,6.0,3.0,1.0,6.0,0.0,146.0,35.0,75.0,50.0,217.0,220.0,284.0,100.0,227.0,90.0,263.0,362.0,90.0,87.0,29.0,41.0,14.0,18.0,13.0,10.0,5.0,6.0,2.0,0.0,0.0
0.0,10.0,98.0,74.0,17.0,15.0,18.0,26.0,14.0,25.0,3.0,34.0,59.0,13.0,60.0,26.0,44.0,29.0,39.0,6.0,7.0,1.0,5.0,6.0,0.0,159.0,41.0,87.0,54.0,225.0,233.0,296.0,110.0,230.0,99.0,57.0,385.0,102.0,40.0,29.0,43.0,14.0,21.0,13.0,1.0,7.0,7.0,3.0,0.0,0.0
0.0,10.0,108.0,89.0,27.0,24.0,11.0,29.0,17.0,26.0,3.0,9.0,69.0,25.0,67.0,27.0,24.0,32.0,40.0,10.0,7.0,1.0,7.0,6.0,0.0,170.0,51.0,96.0,59.0,95.0,243.0,308.0,126.0,238.0,110.0,64.0,406.0,117.0,44.0,29.0,45.0,15.0,23.0,15.0,1.0,4.0,7.0,4.0,0.0,0.0
0.0,2.0,127.0,99.0,36.0,29.0,14.0,41.0,7.0,32.0,3.0,20.0,78.0,38.0,73.0,11.0,24.0,35.0,45.0,12.0,9.0,1.0,0.0,2.0,0.0,190.0,57.0,101.0,64.0,100.0,125.0,324.0,141.0,244.0,117.0,69.0,416.0,130.0,47.0,29.0,7.0,18.0,28.0,16.0,2.0,6.0,7.0,5.0,0.0,0.0
0.0,2.0,28.0,118.0,48.0,11.0,19.0,49.0,10.0,35.0,3.0,31.0,88.0,52.0,13.0,15.0,26.0,38.0,50.0,16.0,2.0,3.0,2.0,2.0,0.0,200.0,60.0,106.0,73.0,112.0,133.0,336.0,156.0,247.0,128.0,75.0,438.0,142.0,52.0,30.0,7.0,21.0,33.0,16.0,3.0,2.0,6.0,5.0,0.0,0.0
0.0,3.0,9.0,133.0,55.0,16.0,25.0,17.0,15.0,39.0,3.0,37.0,36.0,60.0,18.0,18.0,29.0,42.0,54.0,18.0,3.0,4.0,2.0,2.0,0.0,76.0,64.0,109.0,78.0,125.0,140.0,180.0,169.0,253.0,137.0,83.0,281.0,114.0,59.0,31.0,6.0,29.0,34.0,18.0,3.0,2.0,7.0,5.0,0.0,0.0
0.0,4.0,21.0,146.0,64.0,18.0,3.0,26.0,16.0,2.0,2.0,43.0,45.0,15.0,22.0,21.0,29.0,47.0,31.0,24.0,5.0,1.0,3.0,0.0,0.0,89.0,69.0,118.0,81.0,125.0,153.0,196.0,183.0,262.0,147.0,8.0,299.0,127.0,66.0,31.0,10.0,10.0,35.0,20.0,4.0,4.0,8.0,6.0,0.0,0.0
0.0,5.0,29.0,24.0,75.0,20.0,8.0,41.0,19.0,3.0,2.0,54.0,58.0,29.0,27.0,10.0,29.0,51.0,32.0,28.0,5.0,3.0,5.0,0.0,0.0,100.0,73.0,123.0,90.0,130.0,160.0,206.0,198.0,270.0,162.0,21.0,322.0,137.0,25.0,31.0,10.0,12.0,39.0,21.0,4.0,5.0,0.0,6.0,0.0,0.0
1.0,3.0,40.0,11.0,88.0,28.0,9.0,55.0,5.0,10.0,5.0,58.0,72.0,16.0,35.0,13.0,31.0,59.0,7.0,28.0,7.0,3.0,5.0,1.0,0.0,114.0,76.0,125.0,95.0,130.0,167.0,129.0,212.0,277.0,172.0,27.0,55.0,150.0,26.0,32.0,11.0,15.0,19.0,22.0,4.0,6.0,1.0,6.0,0.0,0.0
1.0,3.0,45.0,23.0,101.0,32.0,13.0,16.0,7.0,14.0,6.0,63.0,81.0,27.0,10.0,15.0,3.0,63.0,9.0,28.0,7.0,3.0,0.0,1.0,0.0,132.0,80.0,130.0,97.0,138.0,181.0,137.0,227.0,282.0,177.0,38.0,71.0,157.0,29.0,32.0,11.0,19.0,24.0,24.0,5.0,6.0,3.0,6.0,0.0,0.0
1.0,4.0,22.0,34.0,14.0,40.0,17.0,30.0,14.0,21.0,6.0,15.0,29.0,49.0,13.0,18.0,3.0,68.0,13.0,29.0,5.0,4.0,0.0,2.0,0.0,147.0,23.0,138.0,102.0,148.0,194.0,146.0,242.0,287.0,188.0,46.0,90.0,166.0,36.0,9.0,12.0,23.0,11.0,25.0,6.0,8.0,4.0,6.0,0.0,0.0
1.0,6.0,31.0,47.0,11.0,48.0,23.0,42.0,17.0,4.0,6.0,18.0,41.0,66.0,14.0,21.0,6.0,72.0,15.0,1.0,7.0,4.0,3.0,3.0,0.0,159.0,30.0,143.0,106.0,154.0,202.0,162.0,71.0,293.0,200.0,53.0,103.0,175.0,39.0,9.0,16.0,25.0,17.0,26.0,6.0,8.0,5.0,6.0,0.0,0.0
1.0,2.0,42.0,58.0,16.0,12.0,27.0,52.0,8.0,4.0,7.0,24.0,13.0,77.0,21.0,25.0,7.0,22.0,19.0,6.0,7.0,7.0,4.0,1.0,0.0,179.0,36.0,152.0,109.0,45.0,216.0,173.0,78.0,128.0,76.0,59.0,117.0,186.0,41.0,9.0,20.0,29.0,21.0,3.0,2.0,8.0,6.0,6.0,0.0,0.0
1.0,2.0,51.0,22.0,20.0,7.0,27.0,60.0,10.0,4.0,1.0,31.0,24.0,29.0,30.0,29.0,3.0,30.0,24.0,7.0,8.0,6.0,5.0,2.0,0.0,193.0,9.0,158.0,111.0,53.0,227.0,184.0,90.0,30.0,82.0,68.0,130.0,205.0,6.0,9.0,21.0,30.0,24.0,4.0,3.0,8.0,6.0,6.0,0.0,0.0
1.0,2.0,16.0,34.0,24.0,14.0,31.0,75.0,12.0,5.0,3.0,34.0,38.0,37.0,34.0,35.0,5.0,33.0,28.0,9.0,2.0,6.0,5.0,2.0,0.0,207.0,16.0,163.0,117.0,60.0,235.0,199.0,105.0,34.0,54.0,77.0,143.0,221.0,14.0,9.0,21.0,31.0,25.0,4.0,3.0,10.0,6.0,6.0,0.0,0.0
0.0,3.0,29.0,41.0,29.0,17.0,33.0,89.0,15.0,7.0,5.0,40.0,44.0,7.0,12.0,41.0,5.0,36.0,29.0,11.0,4.0,6.0,3.0,2.0,0.0,220.0,26.0,169.0,124.0,65.0,246.0,207.0,122.0,40.0,10.0,29.0,153.0,234.0,17.0,0.0,21.0,35.0,28.0,4.0,5.0,2.0,8.0,6.0,0.0,0.0
1.0,3.0,39.0,54.0,13.0,22.0,6.0,96.0,19.0,10.0,1.0,16.0,56.0,19.0,19.0,49.0,5.0,2.0,29.0,1.0,5.0,6.0,3.0,3.0,0.0,231.0,33.0,9.0,132.0,75.0,256.0,91.0,130.0,44.0,20.0,36.0,168.0,240.0,22.0,1.0,22.0,36.0,3.0,6.0,5.0,2.0,9.0,6.0,0.0,0.0
1.0,2.0,44.0,27.0,22.0,28.0,8.0,101.0,21.0,13.0,3.0,22.0,64.0,28.0,24.0,51.0,7.0,4.0,33.0,3.0,9.0,1.0,3.0,5.0,0.0,47.0,43.0,14.0,135.0,80.0,28.0,102.0,138.0,48.0,26.0,26.0,85.0,249.0,27.0,2.0,23.0,37.0,3.0,7.0,5.0,2.0,9.0,6.0,0.0,0.0
1.0,0.0,58.0,35.0,29.0,36.0,11.0,5.0,25.0,14.0,5.0,30.0,74.0,35.0,8.0,15.0,7.0,8.0,3.0,4.0,9.0,1.0,5.0,5.0,0.0,61.0,53.0,19.0,10.0,91.0,36.0,113.0,151.0,54.0,32.0,36.0,98.0,262.0,31.0,2.0,3.0,38.0,8.0,9.0,6.0,2.0,4.0,6.0,0.0,0.0
1.0,0.0,21.0,48.0,38.0,14.0,13.0,10.0,26.0,20.0,6.0,6.0,83.0,41.0,13.0,19.0,9.0,12.0,2.0,7.0,1.0,2.0,2.0,5.0,0.0,73.0,58.0,26.0,18.0,96.0,43.0,117.0,31.0,57.0,37.0,41.0,16.0,274.0,35.0,2.0,6.0,40.0,11.0,1.0,7.0,2.0,4.0,6.0,0.0,0.0
1.0,3.0,28.0,59.0,10.0,16.0,16.0,22.0,3.0,22.0,6.0,10.0,98.0,12.0,16.0,21.0,10.0,14.0,4.0,8.0,1.0,3.0,2.0,6.0,0.0,81.0,17.0,28.0,24.0,102.0,48.0,7.0,39.0,59.0,42.0,50.0,28.0,284.0,38.0,3.0,7.0,44.0,12.0,3.0,0.0,4.0,5.0,7.0,0.0,0.0
1.0,3.0,9.0,66.0,14.0,19.0,8.0,28.0,9.0,23.0,6.0,14.0,18.0,20.0,18.0,4.0,2.0,19.0,7.0,1.0,4.0,4.0,2.0,7.0,0.0,94.0,23.0,34.0,29.0,11.0,54.0,18.0,50.0,13.0,48.0,55.0,36.0,294.0,11.0,4.0,7.0,6.0,14.0,3.0,1.0,5.0,6.0,7.0,0.0,0.0
1.0,3.0,13.0,17.0,20.0,7.0,12.0,33.0,10.0,25.0,6.0,20.0,29.0,38.0,20.0,6.0,4.0,26.0,8.0,1.0,6.0,4.0,3.0,0.0,0.0,10.0,29.0,44.0,36.0,15.0,61.0,29.0,63.0,13.0,53.0,64.0,51.0,32.0,19.0,4.0,8.0,7.0,17.0,3.0,2.0,6.0,6.0,7.0,0.0,0.0
1.0,3.0,20.0,16.0,25.0,13.0,16.0,37.0,15.0,1.0,7.0,25.0,37.0,45.0,8.0,9.0,8.0,32.0,8.0,4.0,8.0,4.0,4.0,0.0,0.0,22.0,33.0,12.0,37.0,21.0,65.0,42.0,19.0,19.0,57.0,71.0,68.0,48.0,22.0,4.0,10.0,10.0,3.0,6.0,2.0,0.0,6.0,7.0,0.0,0.0
1.0,3.0,32.0,32.0,33.0,15.0,22.0,17.0,19.0,5.0,7.0,27.0,44.0,13.0,12.0,13.0,8.0,32.0,9.0,4.0,2.0,5.0,5.0,0.0,0.0,32.0,38.0,19.0,39.0,26.0,7.0,52.0,28.0,24.0,58.0,80.0,77.0,52.0,4.0,4.0,11.0,10.0,8.0,7.0,3.0,2.0,6.0,7.0,0.0,0.0
1.0,3.0,39.0,38.0,11.0,23.0,7.0,20.0,23.0,6.0,8.0,32.0,54.0,24.0,14.0,14.0,10.0,2.0,14.0,4.0,5.0,6.0,5.0,0.0,0.0,41.0,13.0,21.0,10.0,31.0,14.0,65.0,39.0,28.0,67.0,86.0,87.0,61.0,6.0,4.0,14.0,12.0,8.0,9.0,3.0,5.0,6.0,7.0,0.0,0.0
1.0,3.0,47.0,51.0,4.0,31.0,8.0,31.0,29.0,9.0,2.0,36.0,59.0,31.0,17.0,4.0,13.0,5.0,15.0,1.0,6.0,0.0,5.0,0.0,0.0,54.0,18.0,25.0,16.0,35.0,21.0,11.0,50.0,32.0,70.0,18.0,100.0,73.0,8.0,5.0,16.0,13.0,8.0,0.0,5.0,7.0,0.0,8.0,0.0,0.0
0.0,3.0,57.0,60.0,15.0,9.0,11.0,38.0,33.0,12.0,2.0,10.0,65.0,37.0,6.0,7.0,14.0,8.0,2.0,1.0,6.0,2.0,5.0,0.0,0.0,15.0,23.0,28.0,18.0,44.0,24.0,21.0,67.0,35.0,7.0,21.0,111.0,83.0,14.0,6.0,18.0,16.0,11.0,0.0,6.0,8.0,1.0,0.0,0.0,0.0
0.0,4.0,66.0,69.0,19.0,16.0,12.0,44.0,34.0,6.0,2.0,15.0,68.0,45.0,12.0,10.0,17.0,10.0,4.0,3.0,7.0,3.0,0.0,0.0,0.0,20.0,28.0,7.0,21.0,10.0,29.0,27.0,76.0,38.0,20.0,28.0,35.0,93.0,19.0,6.0,6.0,16.0,11.0,0.0,6.0,8.0,1.0,0.0,0.0,0.0
1.0,4.0,69.0,73.0,28.0,7.0,13.0,48.0,36.0,8.0,2.0,7.0,74.0,49.0,13.0,12.0,17.0,11.0,8.0,4.0,7.0,6.0,1.0,0.0,0.0,28.0,31.0,10.0,23.0,17.0,41.0,33.0,16.0,43.0,23.0,30.0,50.0,106.0,23.0,6.0,6.0,8.0,12.0,1.0,0.0,8.0,2.0,0.0,0.0,0.0
1.0,2.0,79.0,82.0,37.0,10.0,3.0,57.0,39.0,9.0,4.0,11.0,36.0,54.0,15.0,14.0,19.0,5.0,11.0,4.0,8.0,6.0,1.0,0.0,0.0,37.0,12.0,18.0,9.0,23.0,46.0,44.0,23.0,43.0,34.0,3.0,62.0,118.0,26.0,6.0,7.0,10.0,5.0,3.0,1.0,8.0,2.0,0.0,0.0,0.0
1.0,2.0,85.0,87.0,42.0,13.0,3.0,62.0,41.0,1.0,1.0,15.0,12.0,67.0,19.0,16.0,2.0,8.0,12.0,4.0,9.0,0.0,1.0,0.0,0.0,24.0,16.0,19.0,14.0,27.0,53.0,53.0,30.0,46.0,40.0,10.0,71.0,29.0,28.0,6.0,7.0,3.0,8.0,3.0,2.0,10.0,2.0,0.0,0.0,0.0
1.0,3.0,95.0,93.0,51.0,16.0,5.0,68.0,42.0,4.0,1.0,20.0,17.0,75.0,25.0,18.0,2.0,12.0,7.0,7.0,11.0,1.0,1.0,0.0,0.0,35.0,18.0,25.0,16.0,32.0,56.0,59.0,43.0,5.0,47.0,14.0,8.0,42.0,31.0,7.0,9.0,6.0,10.0,3.0,3.0,1.0,2.0,0.0,0.0,0.0
2.0,4.0,12.0,98.0,56.0,18.0,7.0,13.0,45.0,5.0,1.0,23.0,27.0,29.0,25.0,23.0,2.0,13.0,8.0,8.0,2.0,1.0,0.0,0.0,0.0,40.0,25.0,2.0,21.0,3.0,60.0,65.0,52.0,8.0,54.0,18.0,16.0,55.0,33.0,7.0,9.0,6.0,10.0,3.0,0.0,2.0,2.0,0.0,0.0,0.0
2.0,4.0,15.0,104.0,63.0,20.0,11.0,10.0,49.0,7.0,1.0,12.0,30.0,33.0,26.0,23.0,4.0,2.0,10.0,11.0,3.0,3.0,0.0,2.0,0.0,50.0,9.0,8.0,24.0,10.0,65.0,71.0,19.0,11.0,6.0,25.0,27.0,69.0,10.0,7.0,9.0,8.0,3.0,4.0,0.0,2.0,0.0,0.0,0.0,0.0
0.0,4.0,19.0,109.0,68.0,25.0,13.0,19.0,10.0,13.0,1.0,4.0,38.0,44.0,7.0,23.0,5.0,3.0,13.0,3.0,3.0,4.0,1.0,2.0,0.0,56.0,12.0,12.0,4.0,16.0,71.0,75.0,28.0,14.0,10.0,29.0,43.0,7.0,13.0,8.0,10.0,8.0,3.0,4.0,1.0,2.0,0.0,0.0,0.0,0.0
0.0,4.0,26.0,10.0,78.0,27.0,14.0,25.0,13.0,16.0,3.0,9.0,20.0,52.0,8.0,25.0,8.0,9.0,3.0,4.0,6.0,1.0,1.0,1.0,0.0,14.0,17.0,15.0,8.0,20.0,15.0,76.0,32.0,19.0,15.0,35.0,53.0,14.0,16.0,8.0,12.0,9.0,5.0,4.0,1.0,0.0,0.0,0.0,0.0,0.0
0.0,4.0,30.0,18.0,83.0,31.0,16.0,32.0,1.0,19.0,3.0,13.0,24.0,58.0,10.0,27.0,9.0,11.0,5.0,5.0,7.0,2.0,1.0,1.0,0.0,13.0,23.0,7.0,11.0,21.0,19.0,85.0,38.0,26.0,19.0,42.0,64.0,18.0,18.0,8.0,12.0,11.0,6.0,2.0,2.0,0.0,0.0,0.0,0.0,0.0
0.0,1.0,36.0,26.0,29.0,34.0,19.0,36.0,4.0,9.0,3.0,16.0,10.0,64.0,11.0,9.0,0.0,11.0,6.0,7.0,0.0,2.0,0.0,1.0,0.0,18.0,29.0,12.0,13.0,8.0,27.0,91.0,43.0,30.0,4.0,46.0,74.0,22.0,2.0,8.0,12.0,13.0,8.0,2.0,4.0,0.0,0.0,0.0,0.0,0.0
0.0,1.0,42.0,32.0,37.0,37.0,20.0,44.0,4.0,11.0,5.0,23.0,17.0,26.0,13.0,10.0,1.0,11.0,8.0,11.0,0.0,3.0,0.0,1.0,0.0,29.0,7.0,14.0,11.0,9.0,36.0,22.0,51.0,31.0,7.0,54.0,7.0,28.0,6.0,8.0,12.0,0.0,9.0,2.0,4.0,0.0,0.0,0.0,0.0,0.0
0.0,0.0,45.0,35.0,40.0,13.0,24.0,48.0,4.0,0.0,6.0,26.0,20.0,11.0,16.0,12.0,1.0,13.0,9.0,13.0,2.0,4.0,0.0,1.0,0.0,33.0,3.0,18.0,15.0,11.0,42.0,27.0,56.0,35.0,13.0,57.0,18.0,40.0,8.0,0.0,13.0,0.0,9.0,4.0,5.0,0.0,0.0,1.0,0.0,0.0
0.0,1.0,14.0,45.0,44.0,7.0,28.0,49.0,5.0,5.0,1.0,31.0,26.0,20.0,16.0,15.0,2.0,6.0,12.0,15.0,2.0,4.0,0.0,2.0,0.0,19.0,6.0,21.0,19.0,16.0,11.0,35.0,62.0,38.0,18.0,8.0,27.0,5.0,10.0,1.0,13.0,1.0,11.0,4.0,5.0,0.0,0.0,1.0,0.0,0.0
0.0,1.0,19.0,49.0,48.0,9.0,7.0,51.0,6.0,6.0,2.0,36.0,29.0,22.0,15.0,16.0,2.0,8.0,15.0,16.0,4.0,4.0,1.0,2.0,0.0,25.0,7.0,4.0,20.0,11.0,15.0,36.0,70.0,38.0,22.0,12.0,41.0,14.0,14.0,2.0,14.0,2.0,1.0,4.0,6.0,1.0,0.0,2.0,0.0,0.0
0.0,2.0,6.0,11.0,55.0,13.0,7.0,57.0,8.0,7.0,3.0,38.0,32.0,28.0,2.0,21.0,3.0,9.0,16.0,17.0,4.0,1.0,1.0,2.0,0.0,29.0,11.0,5.0,21.0,14.0,22.0,46.0,78.0,8.0,26.0,16.0,10.0,21.0,16.0,2.0,2.0,6.0,4.0,5.0,7.0,1.0,0.0,2.0,0.0,0.0
0.0,2.0,10.0,15.0,61.0,15.0,8.0,64.0,10.0,9.0,5.0,5.0,36.0,30.0,3.0,15.0,4.0,5.0,4.0,19.0,6.0,1.0,1.0,2.0,0.0,36.0,7.0,7.0,3.0,18.0,25.0,22.0,86.0,10.0,28.0,22.0,18.0,31.0,3.0,3.0,2.0,8.0,5.0,5.0,8.0,2.0,0.0,2.0,0.0,0.0
0.0,2.0,14.0,22.0,66.0,16.0,8.0,11.0,12.0,12.0,6.0,5.0,41.0,37.0,3.0,15.0,4.0,7.0,4.0,21.0,7.0,1.0,1.0,0.0,0.0,46.0,9.0,10.0,0.0,20.0,9.0,22.0,94.0,13.0,5.0,27.0,24.0,40.0,4.0,3.0,2.0,10.0,7.0,1.0,10.0,3.0,0.0,2.0,0.0,0.0
0.0,3.0,19.0,4.0,31.0,17.0,9.0,18.0,13.0,12.0,6.0,8.0,16.0,40.0,8.0,2.0,5.0,8.0,2.0,4.0,12.0,1.0,1.0,0.0,0.0,16.0,13.0,11.0,0.0,22.0,13.0,27.0,95.0,15.0,12.0,32.0,33.0,43.0,12.0,4.0,4.0,2.0,8.0,1.0,11.0,5.0,0.0,3.0,0.0,0.0
0.0,0.0,21.0,9.0,34.0,19.0,9.0,25.0,13.0,15.0,7.0,13.0,23.0,41.0,12.0,4.0,3.0,11.0,2.0,4.0,13.0,1.0,2.0,0.0,0.0,23.0,16.0,6.0,0.0,4.0,16.0,14.0,102.0,16.0,13.0,37.0,40.0,46.0,0.0,0.0,4.0,2.0,10.0,3.0,2.0,5.0,0.0,3.0,0.0,0.0
0.0,0.0,26.0,17.0,10.0,21.0,10.0,29.0,6.0,19.0,7.0,17.0,27.0,47.0,12.0,5.0,2.0,13.0,2.0,5.0,15.0,3.0,2.0,0.0,0.0,26.0,19.0,8.0,0.0,2.0,21.0,22.0,109.0,17.0,18.0,6.0,45.0,50.0,1.0,0.0,4.0,2.0,2.0,3.0,2.0,7.0,0.0,3.0,0.0,0.0
0.0,0.0,14.0,21.0,18.0,6.0,10.0,34.0,7.0,5.0,7.0,18.0,32.0,17.0,14.0,7.0,2.0,16.0,4.0,3.0,3.0,3.0,2.0,0.0,0.0,35.0,21.0,12.0,0.0,5.0,28.0,26.0,116.0,25.0,5.0,10.0,54.0,55.0,5.0,0.0,0.0,3.0,2.0,3.0,2.0,8.0,0.0,3.0,0.0,0.0
0.0,0.0,17.0,24.0,20.0,11.0,12.0,37.0,8.0,7.0,7.0,21.0,38.0,26.0,4.0,7.0,5.0,17.0,5.0,3.0,4.0,3.0,2.0,0.0,0.0,11.0,24.0,19.0,1.0,7.0,32.0,31.0,42.0,25.0,6.0,12.0,61.0,62.0,6.0,0.0,1.0,4.0,3.0,3.0,2.0,5.0,1.0,3.0,0.0,0.0
0.0,0.0,22.0,28.0,21.0,3.0,3.0,40.0,10.0,1.0,7.0,26.0,48.0,29.0,2.0,9.0,6.0,3.0,8.0,3.0,4.0,3.0,2.0,0.0,0.0,16.0,31.0,6.0,2.0,12.0,8.0,37.0,44.0,26.0,8.0,19.0,9.0,65.0,8.0,0.0,1.0,7.0,3.0,0.0,2.0,5.0,1.0,3.0,0.0,0.0
0.0,0.0,9.0,9.0,23.0,8.0,4.0,46.0,11.0,2.0,7.0,28.0,53.0,34.0,6.0,10.0,9.0,5.0,8.0,4.0,0.0,1.0,3.0,0.0,0.0,23.0,33.0,7.0,5.0,3.0,11.0,15.0,48.0,28.0,13.0,7.0,11.0,69.0,9.0,0.0,3.0,2.0,6.0,0.0,2.0,5.0,1.0,3.0,0.0,0.0
0.0,0.0,12.0,13.0,26.0,8.0,6.0,55.0,12.0,2.0,1.0,30.0,59.0,37.0,9.0,0.0,10.0,6.0,10.0,7.0,0.0,1.0,3.0,0.0,0.0,34.0,5.0,9.0,2.0,4.0,13.0,4.0,53.0,8.0,13.0,12.0,18.0,71.0,10.0,0.0,0.0,3.0,7.0,0.0,2.0,5.0,1.0,3.0,0.0,0.0
0.0,0.0,7.0,19.0,29.0,8.0,1.0,15.0,15.0,2.0,2.0,13.0,62.0,41.0,10.0,0.0,10.0,9.0,11.0,7.0,0.0,2.0,2.0,0.0,0.0,22.0,10.0,12.0,3.0,8.0,16.0,9.0,60.0,11.0,14.0,15.0,24.0,12.0,11.0,0.0,1.0,3.0,9.0,0.0,0.0,5.0,1.0,0.0,0.0,0.0
1.0,0.0,13.0,7.0,4.0,11.0,3.0,18.0,17.0,3.0,2.0,17.0,65.0,45.0,11.0,1.0,10.0,11.0,13.0,2.0,2.0,2.0,2.0,0.0,0.0,26.0,12.0,15.0,5.0,11.0,5.0,13.0,8.0,12.0,17.0,20.0,8.0,15.0,13.0,0.0,4.0,3.0,1.0,0.0,1.0,5.0,1.0,0.0,0.0,0.0
1.0,0.0,21.0,11.0,10.0,13.0,4.0,2.0,18.0,3.0,2.0,10.0,20.0,48.0,12.0,1.0,4.0,12.0,14.0,2.0,3.0,2.0,3.0,0.0,0.0,31.0,15.0,4.0,8.0,3.0,9.0,18.0,15.0,12.0,20.0,27.0,18.0,20.0,4.0,0.0,5.0,3.0,2.0,0.0,1.0,5.0,1.0,0.0,0.0,0.0
1.0,0.0,25.0,3.0,9.0,5.0,4.0,8.0,12.0,3.0,2.0,11.0,21.0,51.0,13.0,3.0,5.0,2.0,17.0,2.0,4.0,2.0,4.0,0.0,0.0,35.0,12.0,4.0,11.0,6.0,14.0,19.0,18.0,14.0,20.0,12.0,23.0,4.0,5.0,0.0,5.0,3.0,0.0,0.0,1.0,1.0,1.0,0.0,0.0,0.0
1.0,0.0,12.0,6.0,12.0,10.0,8.0,13.0,14.0,6.0,3.0,12.0,23.0,54.0,13.0,5.0,5.0,4.0,17.0,3.0,2.0,2.0,4.0,0.0,0.0,42.0,14.0,6.0,3.0,9.0,15.0,5.0,22.0,17.0,4.0,13.0,29.0,7.0,7.0,0.0,5.0,3.0,3.0,0.0,1.0,1.0,1.0,0.0,0.0,0.0
1.0,0.0,16.0,9.0,16.0,14.0,8.0,15.0,2.0,7.0,4.0,13.0,14.0,19.0,13.0,6.0,5.0,0.0,19.0,4.0,5.0,2.0,4.0,0.0,0.0,46.0,14.0,4.0,5.0,11.0,7.0,9.0,29.0,19.0,1.0,14.0,34.0,10.0,9.0,0.0,5.0,3.0,6.0,0.0,1.0,1.0,2.0,0.0,0.0,0.0
1.0,1.0,21.0,10.0,3.0,5.0,3.0,21.0,6.0,4.0,4.0,15.0,16.0,23.0,15.0,7.0,5.0,2.0,19.0,6.0,5.0,2.0,4.0,0.0,0.0,51.0,16.0,5.0,9.0,12.0,12.0,12.0,8.0,19.0,1.0,18.0,18.0,11.0,5.0,0.0,0.0,3.0,7.0,0.0,0.0,1.0,2.0,0.0,0.0,0.0
1.0,3.0,25.0,6.0,6.0,8.0,3.0,26.0,7.0,7.0,4.0,17.0,20.0,27.0,18.0,10.0,6.0,4.0,4.0,7.0,6.0,1.0,5.0,0.0,0.0,27.0,20.0,10.0,11.0,14.0,14.0,3.0,16.0,19.0,3.0,11.0,23.0,14.0,6.0,0.0,1.0,3.0,8.0,0.0,1.0,1.0,2.0,0.0,0.0,0.0
0.0,3.0,27.0,8.0,8.0,0.0,4.0,27.0,8.0,4.0,4.0,20.0,21.0,11.0,19.0,11.0,6.0,6.0,4.0,2.0,6.0,2.0,5.0,0.0,0.0,28.0,21.0,12.0,12.0,20.0,14.0,4.0,27.0,20.0,5.0,2.0,34.0,14.0,7.0,0.0,1.0,3.0,11.0,0.0,0.0,1.0,2.0,0.0,0.0,0.0
0.0,3.0,29.0,12.0,10.0,0.0,3.0,8.0,10.0,4.0,4.0,22.0,23.0,13.0,20.0,12.0,6.0,6.0,7.0,3.0,6.0,3.0,5.0,0.0,0.0,13.0,26.0,13.0,16.0,23.0,16.0,6.0,34.0,6.0,7.0,4.0,16.0,18.0,8.0,2.0,1.0,1.0,11.0,0.0,0.0,0.0,2.0,0.0,0.0,0.0
0.0,4.0,31.0,14.0,4.0,0.0,4.0,10.0,11.0,7.0,4.0,10.0,24.0,15.0,8.0,16.0,7.0,9.0,7.0,3.0,6.0,3.0,5.0,0.0,0.0,16.0,11.0,14.0,17.0,9.0,18.0,3.0,7.0,9.0,9.0,7.0,22.0,23.0,10.0,2.0,1.0,1.0,12.0,0.0,0.0,1.0,2.0,0.0,0.0,0.0
0.0,1.0,31.0,17.0,6.0,0.0,3.0,16.0,1.0,8.0,4.0,12.0,27.0,21.0,9.0,16.0,8.0,12.0,8.0,4.0,6.0,3.0,6.0,0.0,0.0,22.0,3.0,16.0,19.0,11.0,22.0,7.0,14.0,10.0,12.0,11.0,3.0,25.0,5.0,2.0,0.0,1.0,12.0,0.0,0.0,1.0,2.0,0.0,0.0,0.0
0.0,1.0,32.0,22.0,11.0,1.0,7.0,5.0,2.0,8.0,5.0,7.0,13.0,23.0,9.0,17.0,8.0,5.0,8.0,4.0,6.0,0.0,6.0,0.0,0.0,27.0,2.0,17.0,19.0,11.0,27.0,10.0,20.0,10.0,3.0,14.0,5.0,16.0,6.0,2.0,1.0,3.0,13.0,2.0,0.0,2.0,1.0,0.0,0.0,0.0
0.0,1.0,32.0,26.0,12.0,2.0,8.0,6.0,2.0,9.0,5.0,8.0,13.0,28.0,9.0,12.0,9.0,6.0,9.0,4.0,4.0,0.0,6.0,0.0,0.0,30.0,4.0,4.0,19.0,13.0,30.0,11.0,4.0,5.0,5.0,17.0,12.0,18.0,7.0,2.0,2.0,3.0,14.0,0.0,0.0,2.0,1.0,0.0,0.0,0.0
0.0,1.0,12.0,32.0,14.0,2.0,8.0,1.0,1.0,5.0,5.0,9.0,15.0,28.0,9.0,13.0,9.0,8.0,12.0,4.0,5.0,0.0,0.0,0.0,0.0,34.0,4.0,6.0,20.0,14.0,34.0,6.0,6.0,5.0,7.0,17.0,15.0,3.0,9.0,2.0,3.0,5.0,15.0,0.0,0.0,2.0,0.0,0.0,0.0,0.0
0.0,3.0,15.0,37.0,16.0,3.0,2.0,2.0,2.0,7.0,5.0,11.0,5.0,33.0,9.0,14.0,10.0,9.0,4.0,4.0,5.0,0.0,0.0,0.0,0.0,37.0,5.0,9.0,11.0,16.0,37.0,10.0,7.0,0.0,4.0,18.0,22.0,7.0,5.0,2.0,3.0,6.0,17.0,1.0,0.0,2.0,0.0,0.0,0.0,0.0
0.0,1.0,17.0,38.0,18.0,6.0,3.0,5.0,2.0,8.0,5.0,13.0,6.0,36.0,10.0,15.0,5.0,13.0,5.0,6.0,5.0,0.0,0.0,0.0,0.0,22.0,7.0,10.0,13.0,17.0,37.0,13.0,5.0,1.0,6.0,21.0,7.0,7.0,1.0,2.0,3.0,6.0,7.0,1.0,0.0,2.0,0.0,1.0,0.0,0.0
0.0,1.0,20.0,17.0,18.0,10.0,3.0,5.0,2.0,2.0,3.0,15.0,7.0,13.0,6.0,15.0,6.0,14.0,7.0,7.0,6.0,0.0,1.0,0.0,0.0,27.0,9.0,12.0,1.0,21.0,38.0,14.0,7.0,3.0,6.0,21.0,8.0,8.0,4.0,2.0,4.0,6.0,9.0,1.0,0.0,2.0,1.0,0.0,0.0,0.0
0.0,1.0,21.0,21.0,21.0,12.0,4.0,2.0,3.0,1.0,3.0,16.0,11.0,14.0,6.0,16.0,6.0,14.0,7.0,2.0,6.0,0.0,1.0,0.0,0.0,31.0,10.0,15.0,2.0,14.0,39.0,16.0,10.0,3.0,2.0,23.0,17.0,10.0,5.0,2.0,4.0,5.0,10.0,0.0,0.0,2.0,1.0,0.0,0.0,0.0
0.0,1.0,5.0,23.0,6.0,15.0,5.0,4.0,3.0,1.0,3.0,18.0,12.0,17.0,6.0,11.0,6.0,15.0,7.0,3.0,7.0,0.0,1.0,0.0,0.0,35.0,10.0,15.0,3.0,19.0,40.0,20.0,10.0,3.0,3.0,26.0,20.0,11.0,5.0,2.0,5.0,5.0,10.0,0.0,0.0,2.0,1.0,0.0,0.0,0.0
0.0,1.0,7.0,27.0,8.0,17.0,5.0,5.0,5.0,2.0,0.0,8.0,13.0,17.0,0.0,11.0,6.0,18.0,8.0,3.0,7.0,0.0,1.0,0.0,0.0,38.0,11.0,15.0,3.0,2.0,43.0,20.0,14.0,4.0,5.0,26.0,3.0,15.0,0.0,2.0,0.0,6.0,11.0,0.0,0.0,3.0,0.0,0.0,0.0,0.0
0.0,1.0,8.0,30.0,11.0,19.0,5.0,5.0,2.0,4.0,0.0,8.0,14.0,22.0,0.0,12.0,6.0,18.0,9.0,3.0,7.0,0.0,1.0,0.0,0.0,41.0,12.0,16.0,4.0,4.0,22.0,22.0,21.0,6.0,2.0,6.0,7.0,19.0,2.0,2.0,0.0,6.0,8.0,0.0,1.0,3.0,1.0,0.0,0.0,0.0
0.0,1.0,10.0,2.0,12.0,9.0,5.0,6.0,3.0,4.0,0.0,1.0,2.0,24.0,1.0,13.0,7.0,18.0,9.0,3.0,7.0,0.0,1.0,0.0,0.0,45.0,12.0,20.0,0.0,4.0,3.0,23.0,25.0,8.0,3.0,8.0,10.0,3.0,3.0,2.0,2.0,6.0,9.0,0.0,1.0,3.0,1.0,0.0,0.0,0.0
0.0,1.0,11.0,5.0,15.0,9.0,5.0,9.0,4.0,4.0,0.0,3.0,6.0,25.0,2.0,13.0,7.0,18.0,10.0,3.0,7.0,0.0,2.0,0.0,0.0,14.0,12.0,21.0,0.0,4.0,4.0,10.0,26.0,9.0,4.0,2.0,7.0,9.0,4.0,2.0,3.0,0.0,11.0,1.0,1.0,3.0,1.0,0.0,0.0,0.0
0.0,1.0,11.0,7.0,4.0,10.0,5.0,11.0,5.0,4.0,0.0,4.0,7.0,27.0,3.0,13.0,3.0,19.0,11.0,3.0,8.0,0.0,1.0,0.0,0.0,15.0,14.0,25.0,0.0,6.0,7.0,15.0,31.0,10.0,6.0,3.0,13.0,10.0,6.0,2.0,3.0,0.0,12.0,1.0,2.0,2.0,1.0,0.0,0.0,0.0
0.0,1.0,6.0,9.0,7.0,13.0,3.0,13.0,6.0,6.0,0.0,6.0,5.0,30.0,3.0,14.0,3.0,20.0,11.0,4.0,8.0,0.0,1.0,0.0,0.0,18.0,7.0,26.0,1.0,3.0,8.0,17.0,33.0,11.0,6.0,4.0,15.0,12.0,1.0,2.0,3.0,1.0,14.0,2.0,2.0,2.0,2.0,0.0,0.0,0.0
0.0,1.0,7.0,11.0,7.0,14.0,3.0,15.0,8.0,6.0,0.0,7.0,4.0,33.0,2.0,15.0,3.0,21.0,11.0,4.0,8.0,1.0,1.0,0.0,0.0,23.0,9.0,27.0,1.0,4.0,9.0,17.0,20.0,13.0,7.0,6.0,16.0,3.0,2.0,2.0,4.0,1.0,3.0,2.0,2.0,2.0,2.0,0.0,0.0,0.0
0.0,1.0,13.0,13.0,8.0,2.0,3.0,5.0,11.0,6.0,0.0,8.0,6.0,36.0,3.0,16.0,4.0,22.0,11.0,4.0,8.0,1.0,1.0,0.0,0.0,28.0,9.0,12.0,2.0,5.0,6.0,19.0,22.0,7.0,10.0,7.0,19.0,6.0,2.0,2.0,4.0,1.0,3.0,1.0,2.0,2.0,2.0,0.0,0.0,0.0
0.0,1.0,15.0,15.0,11.0,4.0,3.0,7.0,12.0,6.0,0.0,1.0,8.0,29.0,4.0,17.0,4.0,22.0,3.0,4.0,3.0,1.0,1.0,0.0,0.0,31.0,9.0,8.0,2.0,6.0,8.0,20.0,24.0,1.0,12.0,9.0,20.0,7.0,2.0,0.0,4.0,1.0,3.0,1.0,2.0,2.0,2.0,0.0,0.0,0.0
0.0,1.0,16.0,15.0,13.0,5.0,4.0,8.0,13.0,7.0,0.0,2.0,10.0,31.0,5.0,2.0,4.0,22.0,4.0,5.0,3.0,1.0,1.0,1.0,0.0,31.0,11.0,9.0,2.0,9.0,9.0,22.0,26.0,1.0,6.0,9.0,22.0,3.0,0.0,0.0,4.0,1.0,4.0,1.0,2.0,2.0,3.0,0.0,0.0,0.0
0.0,1.0,8.0,19.0,14.0,6.0,3.0,10.0,8.0,7.0,0.0,2.0,3.0,31.0,0.0,4.0,4.0,22.0,5.0,5.0,3.0,1.0,1.0,1.0,0.0,32.0,11.0,9.0,0.0,9.0,10.0,16.0,26.0,1.0,6.0,11.0,23.0,7.0,0.0,0.0,0.0,2.0,4.0,2.0,3.0,2.0,3.0,0.0,0.0,0.0
0.0,1.0,9.0,19.0,15.0,3.0,3.0,11.0,8.0,7.0,1.0,2.0,7.0,32.0,0.0,4.0,4.0,22.0,6.0,1.0,4.0,1.0,1.0,1.0,0.0,34.0,12.0,10.0,0.0,10.0,11.0,18.0,27.0,1.0,8.0,11.0,32.0,7.0,1.0,0.0,0.0,2.0,4.0,3.0,1.0,2.0,3.0,0.0,0.0,0.0
0.0,1.0,9.0,21.0,16.0,4.0,3.0,13.0,8.0,8.0,1.0,3.0,9.0,33.0,0.0,4.0,0.0,22.0,6.0,3.0,5.0,1.0,1.0,2.0,0.0,36.0,14.0,12.0,2.0,5.0,13.0,21.0,29.0,2.0,9.0,3.0,34.0,9.0,2.0,0.0,0.0,3.0,5.0,3.0,1.0,2.0,3.0,0.0,0.0,0.0
0.0,1.0,9.0,5.0,18.0,5.0,3.0,3.0,8.0,4.0,1.0,3.0,12.0,35.0,2.0,1.0,0.0,23.0,7.0,3.0,5.0,1.0,1.0,3.0,0.0,4.0,14.0,12.0,3.0,5.0,13.0,21.0,10.0,4.0,10.0,1.0,35.0,11.0,3.0,0.0,0.0,2.0,5.0,3.0,1.0,0.0,3.0,0.0,0.0,0.0
0.0,1.0,9.0,7.0,20.0,5.0,4.0,4.0,9.0,5.0,1.0,3.0,13.0,40.0,0.0,3.0,0.0,24.0,8.0,4.0,3.0,1.0,2.0,3.0,0.0,6.0,16.0,12.0,5.0,5.0,4.0,22.0,12.0,4.0,11.0,2.0,21.0,12.0,4.0,0.0,0.0,5.0,5.0,2.0,1.0,0.0,0.0,0.0,0.0,0.0
1.0,1.0,5.0,9.0,9.0,6.0,5.0,3.0,2.0,5.0,0.0,4.0,13.0,42.0,0.0,3.0,0.0,4.0,8.0,4.0,3.0,1.0,2.0,0.0,0.0,8.0,4.0,12.0,5.0,7.0,4.0,25.0,16.0,4.0,13.0,2.0,3.0,7.0,4.0,0.0,1.0,6.0,5.0,2.0,1.0,1.0,0.0,0.0,0.0,0.0
1.0,1.0,12.0,10.0,11.0,6.0,5.0,3.0,2.0,6.0,1.0,6.0,13.0,42.0,1.0,3.0,0.0,4.0,8.0,4.0,3.0,1.0,2.0,0.0,0.0,11.0,4.0,12.0,6.0,10.0,2.0,28.0,17.0,5.0,13.0,2.0,4.0,7.0,6.0,0.0,1.0,7.0,0.0,2.0,1.0,1.0,0.0,0.0,0.0,0.0
1.0,1.0,13.0,10.0,11.0,6.0,6.0,3.0,2.0,6.0,1.0,6.0,14.0,43.0,2.0,0.0,0.0,4.0,4.0,4.0,3.0,1.0,2.0,0.0,0.0,14.0,4.0,12.0,8.0,10.0,3.0,14.0,19.0,5.0,3.0,2.0,6.0,4.0,6.0,0.0,1.0,2.0,0.0,2.0,1.0,1.0,0.0,0.0,0.0,0.0
2.0,1.0,3.0,8.0,12.0,2.0,6.0,3.0,0.0,1.0,1.0,8.0,14.0,46.0,2.0,0.0,1.0,5.0,4.0,4.0,4.0,1.0,2.0,0.0,0.0,16.0,4.0,5.0,6.0,11.0,3.0,16.0,22.0,6.0,3.0,5.0,8.0,2.0,2.0,0.0,1.0,2.0,0.0,3.0,1.0,0.0,0.0,0.0,0.0,0.0
0.0,2.0,4.0,8.0,12.0,2.0,7.0,3.0,0.0,2.0,1.0,10.0,15.0,49.0,2.0,0.0,1.0,5.0,5.0,2.0,4.0,1.0,2.0,0.0,0.0,20.0,5.0,5.0,6.0,12.0,5.0,6.0,9.0,6.0,3.0,6.0,10.0,3.0,2.0,0.0,1.0,3.0,0.0,0.0,1.0,0.0,0.0,0.0,0.0,0.0
0.0,2.0,4.0,8.0,15.0,2.0,9.0,3.0,0.0,3.0,1.0,10.0,13.0,52.0,2.0,2.0,0.0,7.0,6.0,0.0,4.0,2.0,2.0,0.0,0.0,3.0,5.0,5.0,6.0,12.0,5.0,6.0,10.0,7.0,3.0,4.0,12.0,5.0,0.0,0.0,1.0,3.0,0.0,0.0,1.0,0.0,0.0,0.0,0.0,0.0
0.0,2.0,4.0,1.0,17.0,5.0,3.0,5.0,0.0,3.0,1.0,11.0,14.0,54.0,2.0,2.0,0.0,7.0,6.0,0.0,4.0,3.0,2.0,0.0,0.0,3.0,8.0,6.0,2.0,5.0,7.0,7.0,14.0,7.0,4.0,4.0,12.0,8.0,3.0,0.0,2.0,3.0,1.0,0.0,0.0,0.0,0.0,0.0,0.0,0.0
0.0,2.0,6.0,4.0,18.0,3.0,3.0,6.0,0.0,3.0,1.0,11.0,15.0,55.0,3.0,4.0,0.0,7.0,7.0,0.0,4.0,2.0,2.0,0.0,0.0,6.0,8.0,6.0,2.0,6.0,8.0,8.0,16.0,7.0,-2.0,5.0,14.0,10.0,4.0,0.0,3.0,4.0,1.0,0.0,0.0,0.0,0.0,0.0,0.0,0.0
0.0,3.0,2.0,5.0,6.0,3.0,3.0,7.0,0.0,3.0,2.0,6.0,17.0,55.0,3.0,4.0,1.0,1.0,7.0,0.0,0.0,2.0,2.0,0.0,0.0,8.0,0.0,6.0,2.0,7.0,8.0,8.0,16.0,8.0,-1.0,5.0,15.0,15.0,4.0,0.0,3.0,5.0,2.0,0.0,0.0,0.0,0.0,0.0,0.0,0.0
0.0,4.0,2.0,7.0,6.0,3.0,6.0,3.0,1.0,3.0,2.0,6.0,17.0,56.0,3.0,4.0,1.0,1.0,7.0,0.0,0.0,2.0,1.0,0.0,0.0,10.0,0.0,6.0,4.0,3.0,9.0,8.0,17.0,8.0,1.0,6.0,17.0,10.0,4.0,0.0,3.0,1.0,2.0,0.0,0.0,0.0,1.0,0.0,0.0,0.0
0.0,4.0,3.0,8.0,6.0,4.0,2.0,4.0,1.0,3.0,2.0,8.0,19.0,56.0,3.0,5.0,1.0,2.0,0.0,1.0,0.0,3.0,1.0,0.0,0.0,8.0,0.0,7.0,4.0,4.0,11.0,6.0,18.0,8.0,3.0,6.0,19.0,13.0,4.0,0.0,3.0,1.0,2.0,0.0,0.0,0.0,1.0,0.0,0.0,0.0
0.0,4.0,4.0,0.0,6.0,2.0,2.0,6.0,0.0,3.0,2.0,8.0,21.0,57.0,4.0,6.0,2.0,2.0,0.0,1.0,0.0,0.0,1.0,0.0,0.0,9.0,0.0,1.0,4.0,5.0,4.0,6.0,19.0,9.0,5.0,7.0,20.0,16.0,4.0,0.0,2.0,0.0,2.0,0.0,0.0,0.0,1.0,0.0,0.0,0.0
0.0,4.0,7.0,1.0,9.0,3.0,2.0,6.0,0.0,3.0,2.0,8.0,23.0,58.0,4.0,2.0,3.0,2.0,0.0,2.0,0.0,0.0,1.0,0.0,0.0,10.0,1.0,2.0,4.0,5.0,6.0,7.0,20.0,9.0,5.0,7.0,21.0,17.0,1.0,0.0,2.0,0.0,2.0,0.0,0.0,0.0,0.0,0.0,0.0,0.0
0.0,3.0,8.0,2.0,1.0,3.0,4.0,5.0,1.0,3.0,2.0,8.0,26.0,7.0,4.0,2.0,3.0,2.0,1.0,1.0,0.0,0.0,0.0,0.0,0.0,11.0,0.0,5.0,0.0,5.0,6.0,10.0,7.0,10.0,5.0,8.0,22.0,8.0,1.0,0.0,2.0,0.0,1.0,0.0,0.0,1.0,0.0,0.0,0.0,0.0
0.0,3.0,11.0,2.0,1.0,3.0,4.0,8.0,2.0,3.0,2.0,9.0,26.0,8.0,4.0,4.0,3.0,2.0,1.0,1.0,0.0,0.0,0.0,1.0,0.0,11.0,0.0,5.0,1.0,5.0,6.0,12.0,8.0,11.0,6.0,9.0,24.0,9.0,1.0,0.0,3.0,0.0,1.0,0.0,0.0,1.0,0.0,0.0,0.0,0.0
0.0,3.0,13.0,2.0,2.0,3.0,4.0,10.0,2.0,3.0,2.0,9.0,26.0,8.0,0.0,4.0,3.0,2.0,1.0,1.0,0.0,0.0,0.0,1.0,0.0,13.0,1.0,4.0,1.0,7.0,9.0,12.0,9.0,11.0,6.0,10.0,8.0,9.0,1.0,0.0,3.0,0.0,0.0,0.0,0.0,1.0,0.0,0.0,0.0,0.0
0.0,3.0,15.0,5.0,2.0,0.0,6.0,10.0,2.0,3.0,2.0,9.0,27.0,8.0,0.0,4.0,3.0,3.0,1.0,1.0,0.0,0.0,0.0,0.0,0.0,13.0,2.0,4.0,1.0,1.0,10.0,13.0,10.0,6.0,8.0,11.0,11.0,3.0,1.0,0.0,3.0,0.0,2.0,0.0,1.0,1.0,0.0,0.0,0.0,0.0
0.0,3.0,15.0,5.0,1.0,1.0,6.0,11.0,1.0,1.0,2.0,9.0,27.0,8.0,0.0,1.0,4.0,3.0,1.0,1.0,1.0,0.0,0.0,0.0,0.0,15.0,3.0,4.0,1.0,1.0,11.0,15.0,13.0,1.0,9.0,11.0,14.0,4.0,1.0,0.0,3.0,1.0,3.0,0.0,1.0,2.0,0.0,0.0,0.0,0.0
0.0,2.0,17.0,6.0,3.0,1.0,7.0,14.0,1.0,1.0,2.0,10.0,28.0,8.0,1.0,0.0,4.0,5.0,1.0,1.0,1.0,0.0,0.0,0.0,0.0,16.0,3.0,5.0,1.0,1.0,11.0,17.0,15.0,1.0,6.0,11.0,14.0,5.0,1.0,0.0,3.0,1.0,3.0,0.0,1.0,2.0,0.0,0.0,0.0,0.0
0.0,2.0,17.0,6.0,3.0,4.0,1.0,14.0,1.0,0.0,2.0,10.0,28.0,11.0,2.0,0.0,4.0,6.0,1.0,1.0,2.0,0.0,0.0,0.0,0.0,17.0,3.0,5.0,1.0,2.0,1.0,18.0,16.0,1.0,6.0,14.0,16.0,7.0,0.0,0.0,3.0,1.0,1.0,0.0,0.0,0.0,0.0,0.0,0.0,0.0
0.0,2.0,18.0,9.0,3.0,4.0,2.0,14.0,1.0,1.0,2.0,10.0,29.0,12.0,3.0,0.0,0.0,6.0,1.0,1.0,2.0,0.0,0.0,0.0,0.0,12.0,4.0,5.0,2.0,3.0,1.0,19.0,18.0,1.0,1.0,15.0,17.0,9.0,0.0,0.0,3.0,1.0,1.0,0.0,0.0,0.0,0.0,0.0,0.0,0.0
0.0,2.0,18.0,10.0,3.0,5.0,0.0,3.0,1.0,2.0,2.0,9.0,29.0,12.0,3.0,0.0,0.0,3.0,1.0,1.0,1.0,0.0,0.0,0.0,0.0,13.0,3.0,3.0,4.0,4.0,1.0,20.0,18.0,1.0,2.0,17.0,18.0,10.0,1.0,0.0,0.0,1.0,1.0,0.0,0.0,0.0,0.0,0.0,0.0,0.0
0.0,1.0,18.0,5.0,4.0,1.0,0.0,4.0,1.0,2.0,1.0,9.0,30.0,12.0,3.0,0.0,0.0,3.0,2.0,1.0,1.0,0.0,0.0,0.0,0.0,13.0,3.0,4.0,4.0,4.0,1.0,1.0,18.0,1.0,2.0,17.0,15.0,10.0,1.0,1.0,0.0,2.0,1.0,1.0,0.0,0.0,0.0,0.0,0.0,0.0
0.0,1.0,18.0,7.0,4.0,1.0,0.0,6.0,1.0,2.0,1.0,9.0,30.0,14.0,3.0,0.0,0.0,1.0,2.0,1.0,1.0,0.0,0.0,0.0,0.0,14.0,3.0,2.0,5.0,4.0,2.0,1.0,19.0,1.0,3.0,19.0,15.0,10.0,2.0,1.0,0.0,2.0,2.0,1.0,0.0,0.0,0.0,0.0,0.0,0.0
0.0,0.0,19.0,8.0,4.0,1.0,0.0,1.0,0.0,2.0,2.0,9.0,33.0,9.0,3.0,0.0,0.0,1.0,0.0,1.0,1.0,0.0,0.0,0.0,0.0,14.0,3.0,2.0,2.0,5.0,3.0,2.0,3.0,1.0,3.0,19.0,15.0,10.0,4.0,1.0,0.0,3.0,2.0,1.0,0.0,0.0,0.0,0.0,0.0,0.0
0.0,0.0,4.0,8.0,4.0,1.0,0.0,2.0,0.0,2.0,2.0,1.0,33.0,9.0,3.0,1.0,0.0,1.0,0.0,1.0,1.0,0.0,0.0,0.0,0.0,15.0,6.0,2.0,2.0,5.0,3.0,2.0,3.0,1.0,3.0,19.0,15.0,2.0,5.0,2.0,0.0,4.0,2.0,1.0,0.0,0.0,0.0,0.0,0.0,0.0
0.0,1.0,6.0,9.0,5.0,1.0,0.0,2.0,0.0,3.0,2.0,1.0,33.0,10.0,1.0,1.0,0.0,1.0,0.0,1.0,1.0,0.0,0.0,0.0,0.0,15.0,6.0,2.0,2.0,2.0,4.0,2.0,4.0,1.0,3.0,19.0,19.0,2.0,5.0,2.0,0.0,2.0,2.0,1.0,0.0,0.0,0.0,0.0,0.0,0.0
0.0,0.0,1.0,5.0,5.0,2.0,0.0,3.0,0.0,0.0,2.0,2.0,5.0,10.0,1.0,1.0,0.0,1.0,0.0,1.0,1.0,0.0,0.0,0.0,0.0,7.0,6.0,2.0,2.0,3.0,5.0,2.0,5.0,0.0,4.0,20.0,20.0,3.0,6.0,2.0,0.0,2.0,1.0,1.0,0.0,0.0,0.0,0.0,0.0,0.0
0.0,0.0,3.0,6.0,5.0,2.0,0.0,3.0,0.0,0.0,2.0,3.0,5.0,10.0,2.0,1.0,0.0,3.0,0.0,1.0,1.0,0.0,0.0,0.0,0.0,8.0,6.0,5.0,2.0,3.0,2.0,3.0,5.0,0.0,4.0,20.0,20.0,5.0,1.0,2.0,0.0,2.0,1.0,1.0,0.0,0.0,0.0,0.0,0.0,0.0
0.0,0.0,1.0,0.0,5.0,2.0,1.0,4.0,0.0,0.0,0.0,3.0,5.0,10.0,2.0,1.0,0.0,4.0,0.0,1.0,1.0,0.0,0.0,0.0,0.0,9.0,2.0,5.0,2.0,3.0,2.0,3.0,6.0,0.0,0.0,20.0,21.0,5.0,1.0,2.0,0.0,2.0,2.0,1.0,0.0,0.0,0.0,0.0,0.0,0.0
0.0,0.0,1.0,1.0,8.0,3.0,1.0,4.0,0.0,0.0,0.0,3.0,5.0,7.0,2.0,1.0,0.0,4.0,0.0,1.0,1.0,0.0,0.0,0.0,0.0,10.0,3.0,5.0,4.0,3.0,3.0,3.0,6.0,1.0,1.0,21.0,21.0,5.0,1.0,2.0,0.0,2.0,2.0,1.0,0.0,0.0,0.0,0.0,0.0,0.0
0.0,0.0,1.0,2.0,8.0,3.0,1.0,5.0,2.0,0.0,0.0,3.0,5.0,7.0,2.0,1.0,0.0,5.0,0.0,1.0,1.0,0.0,0.0,0.0,0.0,11.0,3.0,5.0,4.0,3.0,4.0,4.0,6.0,1.0,1.0,21.0,21.0,5.0,1.0,0.0,0.0,2.0,2.0,1.0,0.0,0.0,0.0,0.0,0.0,0.0
0.0,0.0,1.0,1.0,0.0,2.0,1.0,5.0,2.0,0.0,1.0,2.0,5.0,8.0,2.0,1.0,1.0,3.0,0.0,1.0,1.0,0.0,0.0,0.0,0.0,11.0,3.0,3.0,5.0,3.0,4.0,7.0,0.0,1.0,2.0,1.0,22.0,5.0,1.0,0.0,0.0,0.0,2.0,1.0,0.0,0.0,0.0,0.0,0.0,0.0
0.0,0.0,3.0,2.0,1.0,2.0,1.0,5.0,2.0,0.0,1.0,2.0,5.0,8.0,2.0,1.0,1.0,2.0,0.0,1.0,1.0,0.0,0.0,0.0,0.0,0.0,3.0,3.0,6.0,3.0,4.0,7.0,2.0,1.0,3.0,1.0,22.0,6.0,1.0,0.0,0.0,0.0,2.0,1.0,0.0,0.0,0.0,0.0,0.0,0.0
0.0,0.0,3.0,2.0,2.0,2.0,1.0,6.0,2.0,0.0,1.0,2.0,5.0,9.0,2.0,1.0,1.0,2.0,0.0,1.0,1.0,0.0,0.0,0.0,0.0,0.0,3.0,3.0,6.0,3.0,4.0,8.0,2.0,1.0,3.0,1.0,0.0,6.0,1.0,0.0,1.0,1.0,2.0,1.0,0.0,0.0,0.0,0.0,0.0,0.0
0.0,0.0,4.0,3.0,2.0,2.0,1.0,6.0,2.0,0.0,1.0,0.0,1.0,9.0,2.0,1.0,1.0,2.0,0.0,2.0,1.0,0.0,0.0,0.0,0.0,0.0,2.0,4.0,1.0,3.0,4.0,9.0,3.0,0.0,3.0,1.0,1.0,0.0,1.0,0.0,1.0,1.0,2.0,1.0,0.0,0.0,0.0,0.0,0.0,0.0
0.0,0.0,0.0,3.0,2.0,0.0,0.0,0.0,2.0,0.0,1.0,0.0,2.0,9.0,2.0,1.0,1.0,2.0,0.0,2.0,1.0,0.0,0.0,0.0,0.0,0.0,4.0,4.0,1.0,3.0,5.0,9.0,3.0,0.0,4.0,1.0,1.0,0.0,1.0,1.0,1.0,0.0,2.0,1.0,0.0,0.0,1.0,0.0,0.0,0.0
